template,equipment_type,fuel_type,minimum_capacity,maximum_capacity,minimum_storage,maximum_storage,minimum_capacity_per_storage,maximum_capacity_per_storage,draw_profile,start_date,end_date,energy_factor_base,energy_factor_volume_derate,standby_loss_base,standby_loss_capacity_allowance,standby_loss_volume_allowance,standby_loss_square_root_volume_allowance,hourly_loss_base,hourly_loss_volume_allowance,thermal_efficiency,uniform_energy_factor,uniform_energy_factor_base,uniform_energy_factor_volume_allowance,cop,r_value,annotation
IECC-2006,Storage Water Heaters,Electricity,0,40944,,,,,,9/9/1919,9/9/2999,0.97,0.00132,,,,,,,,,,,,,From Table 504.2
IECC-2006,Storage Water Heaters,Electricity,40944.01,99999999,,,,,,9/9/1919,9/9/2999,,,155,,1.73,,,,,,,,,,From Table 504.2
IECC-2006,Storage Water Heaters,NaturalGas,0,75000,0,19.99,,,,9/9/1919,9/9/2999,0.62,0.0019,,,,,,,,,,,,,"Not specified in IECC, follow 2022 Energy Efficiency Program for Consumer Products and Commercial and Industrial Table 5.15.2"
IECC-2006,Storage Water Heaters,NaturalGas,0,75000,20,99999999,,,,9/9/1919,9/9/2999,0.67,0.0019,,,,,,,,,,,,,From Table 504.2
IECC-2006,Storage Water Heaters,NaturalGas,75000.01,155000,,,0,3999.99,,9/9/1919,9/9/2999,,,,800,,110,,,0.8,,,,,,From Table 504.2
IECC-2006,Storage Water Heaters,NaturalGas,155000.01,99999999,,,0,3999.99,,9/9/1919,9/9/2999,,,,800,,110,,,0.8,,,,,,From Table 504.2
IECC-2006,Instantaneous Water Heaters,NaturalGas,50000.01,199999.99,0,1.99,4000,99999999,,9/9/1919,9/9/2999,0.62,0.0019,,,,,,,,,,,,,From Table 504.2
IECC-2006,Instantaneous Water Heaters,NaturalGas,200000,99999999,0,9.99,4000,99999999,,9/9/1919,9/9/2999,,,,,,,,,0.8,,,,,,From Table 504.2
IECC-2006,Instantaneous Water Heaters,NaturalGas,200000,99999999,10,99999999,4000,99999999,,9/9/1919,9/9/2999,,,,800,,110,,,0.8,,,,,,From Table 504.2
IECC-2006,Storage Water Heaters,Oil,0,105000,20,99999999,,,,9/9/1919,9/9/2999,0.59,0.0019,,,,,,,,,,,,,From Table 504.2
IECC-2006,Storage Water Heaters,Oil,105000.01,99999999,,,0,3999.99,,9/9/1919,9/9/2999,,,,800,,110,,,0.78,,,,,,From Table 504.2
IECC-2006,Instantaneous Water Heaters,Oil,0,210000,0,1.99,4000,99999999,,9/9/1919,9/9/2999,0.59,0.0019,,,,,,,,,,,,,From Table 504.2
IECC-2006,Instantaneous Water Heaters,Oil,210000.01,99999999,0,9.99,4000,99999999,,9/9/1919,9/9/2999,,,,,,,,,0.8,,,,,,From Table 504.2
IECC-2006,Instantaneous Water Heaters,Oil,210000.01,99999999,10,99999999,4000,99999999,,9/9/1919,9/9/2999,,,,800,,110,,,0.78,,,,,,From Table 504.2
IECC-2006,Hot Water Supply Boilers,NaturalGas,300000,12499999.99,0,9.99,4000,99999999,,9/9/1919,9/9/2999,,,,,,,,,0.8,,,,,,From Table 504.2
IECC-2006,Hot Water Supply Boilers,Oil,300000,12499999.99,0,9.99,4000,99999999,,9/9/1919,9/9/2999,,,,,,,,,0.8,,,,,,From Table 504.2
IECC-2006,Hot Water Supply Boilers,NaturalGas,300000,12499999.99,10,99999999,4000,99999999,,9/9/1919,9/9/2999,,,,800,,110,,,0.8,,,,,,From Table 504.2
IECC-2006,Hot Water Supply Boilers,Oil,300000.01,12499999.99,10.01,99999999,4000.01,99999999,,9/9/1919,9/9/2999,,,,800,,110,,,0.78,,,,,,From Table 504.2
IECC-2006,Pool Heaters,NaturalGas,,,,,,,,9/9/1919,9/9/2999,,,,,,,,,0.78,,,,,,From Table 504.2
IECC-2006,Pool Heaters,Oil,,,,,,,,9/9/1919,9/9/2999,,,,,,,,,0.78,,,,,,From Table 504.2
IECC-2006,Heat Pump Pool Heaters,Electricity,,,,,,,,9/9/1919,9/9/2999,,,,,,,,,,,,,4,,From Table 504.2
IECC-2006,Unfired Storage Tanks,None,,,,,,,,9/9/1919,9/9/2999,,,,,,,,,,,,,,12.5,From Table 504.2
IECC-2009,Storage Water Heaters,Electricity,0,40944,,,,,,9/9/1919,9/9/2999,0.97,0.00132,,,,,,,,,,,,,From Table 504.2
IECC-2009,Storage Water Heaters,Electricity,40944.01,99999999,,,,,,9/9/1919,9/9/2999,,,155,,1.73,,,,,,,,,,From Table 504.2
IECC-2009,Storage Water Heaters,NaturalGas,0,75000,0,19.99,,,,9/9/1919,9/9/2999,0.62,0.0019,,,,,,,,,,,,,"Not specified in IECC, follow 2022 Energy Efficiency Program for Consumer Products and Commercial and Industrial Table 5.15.2"
IECC-2009,Storage Water Heaters,NaturalGas,0,75000,20,99999999,,,,9/9/1919,9/9/2999,0.67,0.0019,,,,,,,,,,,,,From Table 504.2
IECC-2009,Storage Water Heaters,NaturalGas,75000.01,155000,,,0,3999.99,,9/9/1919,9/9/2999,,,,800,,110,,,0.8,,,,,,From Table 504.2
IECC-2009,Storage Water Heaters,NaturalGas,155000.01,99999999,,,0,3999.99,,9/9/1919,9/9/2999,,,,800,,110,,,0.8,,,,,,From Table 504.2
IECC-2009,Instantaneous Water Heaters,NaturalGas,50000.01,199999.99,0,1.99,4000,99999999,,9/9/1919,9/9/2999,0.62,0.0019,,,,,,,,,,,,,From Table 504.2
IECC-2009,Instantaneous Water Heaters,NaturalGas,200000,99999999,0,9.99,4000,99999999,,9/9/1919,9/9/2999,,,,,,,,,0.8,,,,,,From Table 504.2
IECC-2009,Instantaneous Water Heaters,NaturalGas,200000,99999999,10,99999999,4000,99999999,,9/9/1919,9/9/2999,,,,800,,110,,,0.8,,,,,,From Table 504.2
IECC-2009,Storage Water Heaters,Oil,0,105000,20,99999999,,,,9/9/1919,9/9/2999,0.59,0.0019,,,,,,,,,,,,,From Table 504.2
IECC-2009,Storage Water Heaters,Oil,105000.01,99999999,,,0,3999.99,,9/9/1919,9/9/2999,,,,800,,110,,,0.78,,,,,,From Table 504.2
IECC-2009,Instantaneous Water Heaters,Oil,0,210000,0,1.99,4000,99999999,,9/9/1919,9/9/2999,0.59,0.0019,,,,,,,,,,,,,From Table 504.2
IECC-2009,Instantaneous Water Heaters,Oil,210000.01,99999999,0,9.99,4000,99999999,,9/9/1919,9/9/2999,,,,,,,,,0.8,,,,,,From Table 504.2
IECC-2009,Instantaneous Water Heaters,Oil,210000.01,99999999,10,99999999,4000,99999999,,9/9/1919,9/9/2999,,,,800,,110,,,0.78,,,,,,From Table 504.2
IECC-2009,Hot Water Supply Boilers,NaturalGas,300000,12499999.99,0,9.99,4000,99999999,,9/9/1919,9/9/2999,,,,,,,,,0.8,,,,,,From Table 504.2
IECC-2009,Hot Water Supply Boilers,Oil,300000,12499999.99,0,9.99,4000,99999999,,9/9/1919,9/9/2999,,,,,,,,,0.8,,,,,,From Table 504.2
IECC-2009,Hot Water Supply Boilers,NaturalGas,300000,12499999.99,10,99999999,4000,99999999,,9/9/1919,9/9/2999,,,,800,,110,,,0.8,,,,,,From Table 504.2
IECC-2009,Hot Water Supply Boilers,Oil,300000.01,12499999.99,10.01,99999999,4000.01,99999999,,9/9/1919,9/9/2999,,,,800,,110,,,0.78,,,,,,From Table 504.2
IECC-2009,Pool Heaters,NaturalGas,,,,,,,,9/9/1919,9/9/2999,,,,,,,,,0.78,,,,,,From Table 504.2
IECC-2009,Pool Heaters,Oil,,,,,,,,9/9/1919,9/9/2999,,,,,,,,,0.78,,,,,,From Table 504.2
IECC-2009,Heat Pump Pool Heaters,Electricity,,,,,,,,9/9/1919,9/9/2999,,,,,,,,,,,,,4,,From Table 504.2
IECC-2009,Unfired Storage Tanks,None,,,,,,,,9/9/1919,9/9/2999,,,,,,,,,,,,,,12.5,From Table 504.2
IECC-2012,Storage Water Heaters,Electricity,0,40944,,,,,,9/9/1919,9/9/2999,0.97,0.00132,,,,,,,,,,,,,From Table 404.2
IECC-2012,Storage Water Heaters,Electricity,40944.01,99999999,,,,,,9/9/1919,9/9/2999,,,155,,1.73,,,,,,,,,,From Table 404.2
IECC-2012,Storage Water Heaters,NaturalGas,0,75000,0,19.99,,,,9/9/1919,9/9/2999,0.62,0.0019,,,,,,,,,,,,,"Not specified in IECC, follow 2022 Energy Efficiency Program for Consumer Products and Commercial and Industrial Table 5.15.2"
IECC-2012,Storage Water Heaters,NaturalGas,0,75000,20,99999999,,,,9/9/1919,9/9/2999,0.67,0.0019,,,,,,,,,,,,,From Table 404.2
IECC-2012,Storage Water Heaters,NaturalGas,75000.01,155000,,,0,3999.99,,9/9/1919,9/9/2999,,,,800,,110,,,0.8,,,,,,From Table 404.2
IECC-2012,Storage Water Heaters,NaturalGas,155000.01,99999999,,,0,3999.99,,9/9/1919,9/9/2999,,,,800,,110,,,0.8,,,,,,From Table 404.2
IECC-2012,Instantaneous Water Heaters,NaturalGas,50000.01,199999.99,0,1.99,4000,99999999,,9/9/1919,9/9/2999,0.62,0.0019,,,,,,,,,,,,,From Table 404.2
IECC-2012,Instantaneous Water Heaters,NaturalGas,200000,99999999,0,9.99,4000,99999999,,9/9/1919,9/9/2999,,,,,,,,,0.8,,,,,,From Table 404.2
IECC-2012,Instantaneous Water Heaters,NaturalGas,200000,99999999,10,99999999,4000,99999999,,9/9/1919,9/9/2999,,,,800,,110,,,0.8,,,,,,From Table 404.2
IECC-2012,Storage Water Heaters,Oil,0,105000,20,99999999,,,,9/9/1919,9/9/2999,0.59,0.0019,,,,,,,,,,,,,From Table 404.2
IECC-2012,Storage Water Heaters,Oil,105000,99999999,,,0,3999.99,,9/9/1919,9/9/2999,,,,800,,110,,,0.78,,,,,,From Table 404.2
IECC-2012,Instantaneous Water Heaters,Oil,0,210000,0,1.99,4000,99999999,,9/9/1919,9/9/2999,0.59,0.0019,,,,,,,,,,,,,From Table 404.2
IECC-2012,Instantaneous Water Heaters,Oil,210000.01,99999999,0,9.99,4000,99999999,,9/9/1919,9/9/2999,,,,,,,,,0.8,,,,,,From Table 404.2
IECC-2012,Instantaneous Water Heaters,Oil,210000.01,99999999,10,99999999,4000,99999999,,9/9/1919,9/9/2999,,,,800,,110,,,0.78,,,,,,From Table 404.2
IECC-2012,Hot Water Supply Boilers,NaturalGas,300000,12499999.99,0,9.99,4000,99999999,,9/9/1919,9/9/2999,,,,,,,,,0.8,,,,,,From Table 404.2
IECC-2012,Hot Water Supply Boilers,Oil,300000,12499999.99,0,9.99,4000,99999999,,9/9/1919,9/9/2999,,,,,,,,,0.8,,,,,,From Table 404.2
IECC-2012,Hot Water Supply Boilers,NaturalGas,300000,12499999.99,10,99999999,4000,99999999,,9/9/1919,9/9/2999,,,,800,,110,,,0.8,,,,,,From Table 404.2
IECC-2012,Hot Water Supply Boilers,Oil,300000.01,12499999.99,10.01,99999999,4000.01,99999999,,9/9/1919,9/9/2999,,,,800,,110,,,0.78,,,,,,From Table 404.2
IECC-2012,Pool Heaters,NaturalGas,,,,,,,,9/9/1919,9/9/2999,,,,,,,,,0.78,,,,,,From Table 404.2
IECC-2012,Pool Heaters,Oil,,,,,,,,9/9/1919,9/9/2999,,,,,,,,,0.78,,,,,,From Table 404.2
IECC-2012,Heat Pump Pool Heaters,Electricity,,,,,,,,9/9/1919,9/9/2999,,,,,,,,,,,,,4,,From Table 404.2
IECC-2012,Unfired Storage Tanks,None,,,,,,,,9/9/1919,9/9/2999,,,,,,,,,,,,,,12.5,From Table 404.2
IECC-2015,Storage Water Heaters,Electricity,0,40944,,,,,,9/9/1919,9/9/2999,0.97,0.00132,,,,,,,,,,,,,From Table C404.2
IECC-2015,Storage Water Heaters,Electricity,40944.01,99999999,,,,,,9/9/1919,9/9/2999,,,,,,,0.3,27,,,,,,,From Table C404.2
IECC-2015,Storage Water Heaters,NaturalGas,0,75000,0,19.99,,,,9/9/1919,9/9/2999,0.62,0.0019,,,,,,,,,,,,,"Not specified in IECC, follow 2022 Energy Efficiency Program for Consumer Products and Commercial and Industrial Table 5.15.2"
IECC-2015,Storage Water Heaters,NaturalGas,0,75000,20,99999999,,,,9/9/1919,9/9/2999,0.67,0.0019,,,,,,,,,,,,,From Table C404.2
IECC-2015,Storage Water Heaters,NaturalGas,75000.01,155000,,,0,3999.99,,9/9/1919,9/9/2999,,,,800,,110,,,0.8,,,,,,From Table C404.2
IECC-2015,Storage Water Heaters,NaturalGas,155000.01,99999999,,,0,3999.99,,9/9/1919,9/9/2999,,,,800,,110,,,0.8,,,,,,From Table C404.2
IECC-2015,Instantaneous Water Heaters,NaturalGas,50000.01,199999.99,0,1.99,4000,99999999,,9/9/1919,9/9/2999,0.62,0.0019,,,,,,,,,,,,,From Table C404.2
IECC-2015,Instantaneous Water Heaters,NaturalGas,200000,99999999,0,9.99,4000,99999999,,9/9/1919,9/9/2999,,,,,,,,,0.8,,,,,,From Table C404.2
IECC-2015,Instantaneous Water Heaters,NaturalGas,200000,99999999,10,99999999,4000,99999999,,9/9/1919,9/9/2999,,,,800,,110,,,0.8,,,,,,From Table C404.2
IECC-2015,Storage Water Heaters,Oil,0,105000,20,99999999,,,,9/9/1919,9/9/2999,0.59,0.0019,,,,,,,,,,,,,From Table C404.2
IECC-2015,Storage Water Heaters,Oil,105000,99999999,,,0,3999.99,,9/9/1919,9/9/2999,,,,800,,110,,,0.8,,,,,,From Table C404.2
IECC-2015,Instantaneous Water Heaters,Oil,0,210000,0,1.99,4000,99999999,,9/9/1919,9/9/2999,0.59,0.0019,,,,,,,,,,,,,From Table C404.2
IECC-2015,Instantaneous Water Heaters,Oil,210000.01,99999999,0,9.99,4000,99999999,,9/9/1919,9/9/2999,,,,,,,,,0.8,,,,,,From Table C404.2
IECC-2015,Instantaneous Water Heaters,Oil,210000.01,99999999,10,99999999,4000,99999999,,9/9/1919,9/9/2999,,,,800,,110,,,0.78,,,,,,From Table C404.2
IECC-2015,Hot Water Supply Boilers,NaturalGas,300000,12499999.99,0,9.99,4000,99999999,,9/9/1919,9/9/2999,,,,,,,,,0.8,,,,,,From Table C404.2
IECC-2015,Hot Water Supply Boilers,Oil,300000,12499999.99,0,9.99,4000,99999999,,9/9/1919,9/9/2999,,,,,,,,,0.8,,,,,,From Table C404.2
IECC-2015,Hot Water Supply Boilers,NaturalGas,300000,12499999.99,10,99999999,4000,99999999,,9/9/1919,9/9/2999,,,,800,,110,,,0.8,,,,,,From Table C404.2
IECC-2015,Hot Water Supply Boilers,Oil,300000.01,12499999.99,10.01,99999999,4000.01,99999999,,9/9/1919,9/9/2999,,,,800,,110,,,0.78,,,,,,From Table C404.2
IECC-2015,Pool Heaters,NaturalGas,,,,,,,,9/9/1919,9/9/2999,,,,,,,,,0.82,,,,,,From Table C404.2
IECC-2015,Pool Heaters,Oil,,,,,,,,9/9/1919,9/9/2999,,,,,,,,,0.82,,,,,,From Table C404.2
IECC-2015,Heat Pump Pool Heaters,Electricity,,,,,,,,9/9/1919,9/9/2999,,,,,,,,,,,,,4,,From Table C404.2
IECC-2015,Unfired Storage Tanks,None,,,,,,,,9/9/1919,9/9/2999,,,,,,,,,,,,,,12.5,From Table C404.2
IECC-2018,Table Top Water Heaters,Electricity,0,40944,0,19.99,,,,9/9/1919,9/9/2999,0.93,0.00132,,,,,,,,,,,,,"Not specified in IECC, follow 2022 Energy Efficiency Program for Consumer Products and Commercial and Industrial Table 5.15.2"
IECC-2018,Table Top Water Heaters,Electricity,0,40944,20,120,,,,9/9/1919,9/9/2999,0.93,0.00132,,,,,,,,,,,,,From Table C404.2
IECC-2018,Storage Water Heaters,Electricity,0,40944,0,19.99,,,,9/9/1919,9/9/2999,0.93,0.00132,,,,,,,,,,,,,"Not specified in IECC, follow 2022 Energy Efficiency Program for Consumer Products and Commercial and Industrial Table 5.15.2"
IECC-2018,Storage Water Heaters,Electricity,0,40944,20,55,,,,9/9/1919,9/9/2999,0.96,0.0003,,,,,,,,,,,,,From Table C404.2
IECC-2018,Grid Enabled Water Heaters,Electricity,0,40944,75.01,120,,,,9/9/1919,9/9/2999,1.061,0.00168,,,,,,,,,,,,,From Table C404.2
IECC-2018,Storage Water Heaters,Electricity,40944.01,99999999,,,,,,9/9/1919,9/9/2999,,,,,,,0.3,27,,,,,,,From Table C404.2
IECC-2018,Storage Water Heaters,NaturalGas,0,75000,0,19.99,,,,9/9/1919,9/9/2999,0.62,0.0019,,,,,,,,,,,,,"Not specified in IECC, follow 2022 Energy Efficiency Program for Consumer Products and Commercial and Industrial Table 5.15.2"
IECC-2018,Storage Water Heaters,NaturalGas,0,75000,20,55,,,,9/9/1919,9/9/2999,0.675,0.0015,,,,,,,,,,,,,From Table C404.2
IECC-2018,Storage Water Heaters,NaturalGas,0,75000,55.01,100,,,,9/9/1919,9/9/2999,0.8012,0.00078,,,,,,,,,,,,,From Table C404.2
IECC-2018,Storage Water Heaters,NaturalGas,75000.01,155000,,,0,3999.99,,9/9/1919,9/9/2999,,,,800,,110,,,0.8,,,,,,From Table C404.2
IECC-2018,Storage Water Heaters,NaturalGas,155000.01,99999999,,,0,3999.99,,9/9/1919,9/9/2999,,,,800,,110,,,0.8,,,,,,From Table C404.2
IECC-2018,Instantaneous Water Heaters,NaturalGas,50000.01,199999.99,0,1.99,4000,99999999,,9/9/1919,9/9/2999,0.82,0.0019,,,,,,,,,,,,,From Table C404.2
IECC-2018,Instantaneous Water Heaters,NaturalGas,200000,99999999,0,9.99,4000,99999999,,9/9/1919,9/9/2999,,,,,,,,,0.8,,,,,,From Table C404.2
IECC-2018,Instantaneous Water Heaters,NaturalGas,200000,99999999,10,99999999,4000,99999999,,9/9/1919,9/9/2999,,,,800,,110,,,0.8,,,,,,From Table C404.2
IECC-2018,Storage Water Heaters,Oil,0,105000,20,50,,,,9/9/1919,9/9/2999,0.68,0.0019,,,,,,,,,,,,,From Table C404.2
IECC-2018,Storage Water Heaters,Oil,105000,99999999,,,0,3999.99,,9/9/1919,9/9/2999,,,,800,,110,,,0.8,,,,,,From Table C404.2
IECC-2018,Instantaneous Water Heaters,Oil,0,210000,0,1.99,4000,99999999,,9/9/1919,9/9/2999,0.59,0.0019,,,,,,,,,,,,,From Table C404.2
IECC-2018,Instantaneous Water Heaters,Oil,210000.01,99999999,0,9.99,4000,99999999,,9/9/1919,9/9/2999,,,,,,,,,0.8,,,,,,From Table C404.2
IECC-2018,Instantaneous Water Heaters,Oil,210000.01,99999999,10,99999999,4000,99999999,,9/9/1919,9/9/2999,,,,800,,110,,,0.78,,,,,,From Table C404.2
IECC-2018,Hot Water Supply Boilers,NaturalGas,300000,12499999.99,0,9.99,4000,99999999,,9/9/1919,9/9/2999,,,,,,,,,0.8,,,,,,From Table C404.2
IECC-2018,Hot Water Supply Boilers,Oil,300000,12499999.99,0,9.99,4000,99999999,,9/9/1919,9/9/2999,,,,,,,,,0.8,,,,,,From Table C404.2
IECC-2018,Hot Water Supply Boilers,NaturalGas,300000,12499999.99,10,99999999,4000,99999999,,9/9/1919,9/9/2999,,,,800,,110,,,0.8,,,,,,From Table C404.2
IECC-2018,Hot Water Supply Boilers,Oil,300000.01,12499999.99,10.01,99999999,4000.01,99999999,,9/9/1919,9/9/2999,,,,800,,110,,,0.78,,,,,,From Table C404.2
IECC-2018,Pool Heaters,NaturalGas,,,,,,,,9/9/1919,9/9/2999,,,,,,,,,0.82,,,,,,From Table C404.2
IECC-2018,Pool Heaters,Oil,,,,,,,,9/9/1919,9/9/2999,,,,,,,,,0.82,,,,,,From Table C404.2
IECC-2018,Heat Pump Pool Heaters,Electricity,,,,,,,,9/9/1919,9/9/2999,,,,,,,,,,,,,4,,From Table C404.2
IECC-2018,Unfired Storage Tanks,None,,,,,,,,9/9/1919,9/9/2999,,,,,,,,,,,,,,12.5,From Table C404.2
IECC-2021,Table Top Water Heaters,Electricity,0,40944,0,19.99,,,,9/9/1919,9/9/2999,0.93,0.00132,,,,,,,,,,,,,"Not specified in IECC, follow 2022 Energy Efficiency Program for Consumer Products and Commercial and Industrial Table 5.15.2"
IECC-2021,Table Top Water Heaters,Electricity,0,40944,20,120,,,,9/9/1919,9/9/2999,0.93,0.00132,,,,,,,,,,,,,From Table C404.2
IECC-2021,Storage Water Heaters,Electricity,0,40944,0,19.99,,,,9/9/1919,9/9/2999,0.93,0.00132,,,,,,,,,,,,,"Not specified in IECC, follow 2022 Energy Efficiency Program for Consumer Products and Commercial and Industrial Table 5.15.2"
IECC-2021,Storage Water Heaters,Electricity,0,40944,20,55,,,,9/9/1919,9/9/2999,0.96,0.0003,,,,,,,,,,,,,From Table C404.2
IECC-2021,Grid Enabled Water Heaters,Electricity,0,40944,75.01,120,,,,9/9/1919,9/9/2999,1.061,0.00168,,,,,,,,,,,,,From Table C404.2
IECC-2021,Storage Water Heaters,Electricity,40944.01,99999999,,,,,,9/9/1919,9/9/2999,,,,,,,0.3,27,,,,,,,From Table C404.2
IECC-2021,Storage Water Heaters,NaturalGas,0,75000,0,19.99,,,,9/9/1919,9/9/2999,0.62,0.0019,,,,,,,,,,,,,"Not specified in IECC, follow 2022 Energy Efficiency Program for Consumer Products and Commercial and Industrial Table 5.15.2"
IECC-2021,Storage Water Heaters,NaturalGas,0,75000,20,55,,,,9/9/1919,9/9/2999,0.675,0.0015,,,,,,,,,,,,,From Table C404.2
IECC-2021,Storage Water Heaters,NaturalGas,0,75000,55.01,100,,,,9/9/1919,9/9/2999,0.8012,0.00078,,,,,,,,,,,,,From Table C404.2
IECC-2021,Storage Water Heaters,NaturalGas,75000.01,155000,,,0,3999.99,,9/9/1919,9/9/2999,,,,800,,110,,,0.8,,,,,,From Table C404.2
IECC-2021,Storage Water Heaters,NaturalGas,155000.01,99999999,,,0,3999.99,,9/9/1919,9/9/2999,,,,800,,110,,,0.8,,,,,,From Table C404.2
IECC-2021,Instantaneous Water Heaters,NaturalGas,50000.01,199999.99,0,1.99,4000,99999999,,9/9/1919,9/9/2999,0.82,0.0019,,,,,,,,,,,,,From Table C404.2
IECC-2021,Instantaneous Water Heaters,NaturalGas,200000,99999999,0,9.99,4000,99999999,,9/9/1919,9/9/2999,,,,,,,,,0.8,,,,,,From Table C404.2
IECC-2021,Instantaneous Water Heaters,NaturalGas,200000,99999999,10,99999999,4000,99999999,,9/9/1919,9/9/2999,,,,800,,110,,,0.8,,,,,,From Table C404.2
IECC-2021,Storage Water Heaters,Oil,0,105000,20,50,,,,9/9/1919,9/9/2999,0.68,0.0019,,,,,,,,,,,,,From Table C404.2
IECC-2021,Storage Water Heaters,Oil,105000,99999999,,,0,3999.99,,9/9/1919,9/9/2999,,,,800,,110,,,0.8,,,,,,From Table C404.2
IECC-2021,Instantaneous Water Heaters,Oil,0,210000,0,1.99,4000,99999999,,9/9/1919,9/9/2999,0.59,0.0019,,,,,,,,,,,,,From Table C404.2
IECC-2021,Instantaneous Water Heaters,Oil,210000.01,99999999,0,9.99,4000,99999999,,9/9/1919,9/9/2999,,,,,,,,,0.8,,,,,,From Table C404.2
IECC-2021,Instantaneous Water Heaters,Oil,210000.01,99999999,10,99999999,4000,99999999,,9/9/1919,9/9/2999,,,,800,,110,,,0.78,,,,,,From Table C404.2
IECC-2021,Hot Water Supply Boilers,NaturalGas,300000,12499999.99,0,9.99,4000,99999999,,9/9/1919,9/9/2999,,,,,,,,,0.8,,,,,,From Table C404.2
IECC-2021,Hot Water Supply Boilers,Oil,300000,12499999.99,0,9.99,4000,99999999,,9/9/1919,9/9/2999,,,,,,,,,0.8,,,,,,From Table C404.2
IECC-2021,Hot Water Supply Boilers,NaturalGas,300000,12499999.99,10,99999999,4000,99999999,,9/9/1919,9/9/2999,,,,800,,110,,,0.8,,,,,,From Table C404.2
IECC-2021,Hot Water Supply Boilers,Oil,300000.01,12499999.99,10.01,99999999,4000.01,99999999,,9/9/1919,9/9/2999,,,,800,,110,,,0.78,,,,,,From Table C404.2
IECC-2021,Pool Heaters,NaturalGas,,,,,,,,9/9/1919,9/9/2999,,,,,,,,,0.82,,,,,,From Table C404.2
IECC-2021,Pool Heaters,Oil,,,,,,,,9/9/1919,9/9/2999,,,,,,,,,0.82,,,,,,From Table C404.2
IECC-2021,Heat Pump Pool Heaters,Electricity,,,,,,,,9/9/1919,9/9/2999,,,,,,,,,,,,,4,,From Table C404.2
IECC-2021,Unfired Storage Tanks,None,,,,,,,,9/9/1919,9/9/2999,,,,,,,,,,,,,,12.5,From Table C404.2
