template,climate_zone,data_center,minimum_capacity,fan_cooling_application,minimum_water_cooled_chilled_water_capacity_no_fan_cooling,minimum_air_cooled_chilled_water_or_district_chilled_water_capacity_no_fan_cooling,fixed_dry_bulb_is_allowed,differential_dry_bulb_is_allowed,electronic_enthalpy_is_allowed,differential_enthalpy_is_allowed,dew_point_dry_bulb_is_allowed,fixed_enthalpy_is_allowed,fixed_enthalpy_fixed_dry_bulb_is_allowed,differential_enthalpy_fixed_dry_bulb_is_allowed,fixed_dry_bulb_high_limit_shutoff_temp,fixed_enthalpy_high_limit_shutoff_enthalpy,dew_point_dry_bulb_high_limit_shutoff_dew_point_temp,dew_point_dry_bulb_high_limit_shutoff_dry_bulb_temp,fixed_enthalpy_fixed_dry_bulb_high_limit_shutoff_enthalpy,fixed_enthalpy_fixed_dry_bulb_high_limit_shutoff_dry_bulb_temp,differential_enthalpy_fixed_dry_bulb_high_limit_shutoff_dry_bulb_temp,percent_increase_cooling_efficiency_eliminate_requirement,heat_recovery_exempted,annotation
90.1-2004,1A,FALSE,,All,,,TRUE,FALSE,TRUE,TRUE,TRUE,TRUE,,,65,28,55,75,,,,,TRUE,"From 90.1-2004 Table 6.5.1, Table 6.5.1.1.3A and Table 6.5.1.1.3B"
90.1-2004,1A,TRUE,,All,,,TRUE,FALSE,TRUE,TRUE,TRUE,TRUE,,,65,28,55,75,,,,,TRUE,"From 90.1-2004 Table 6.5.1, Table 6.5.1.1.3A and Table 6.5.1.1.3B"
90.1-2004,1B,FALSE,,All,,,TRUE,TRUE,TRUE,TRUE,TRUE,FALSE,,,75,,55,75,,,,,TRUE,"From 90.1-2004 Table 6.5.1, Table 6.5.1.1.3A and Table 6.5.1.1.3B"
90.1-2004,1B,TRUE,,All,,,TRUE,TRUE,TRUE,TRUE,TRUE,FALSE,,,75,,55,75,,,,,TRUE,"From 90.1-2004 Table 6.5.1, Table 6.5.1.1.3A and Table 6.5.1.1.3B"
90.1-2004,2A,FALSE,,All,,,TRUE,FALSE,TRUE,TRUE,TRUE,TRUE,,,65,28,55,75,,,,,TRUE,"From 90.1-2004 Table 6.5.1, Table 6.5.1.1.3A and Table 6.5.1.1.3B"
90.1-2004,2A,TRUE,,All,,,TRUE,FALSE,TRUE,TRUE,TRUE,TRUE,,,65,28,55,75,,,,,TRUE,"From 90.1-2004 Table 6.5.1, Table 6.5.1.1.3A and Table 6.5.1.1.3B"
90.1-2004,2B,FALSE,,All,,,TRUE,TRUE,TRUE,TRUE,TRUE,FALSE,,,75,,55,75,,,,,TRUE,"From 90.1-2004 Table 6.5.1, Table 6.5.1.1.3A and Table 6.5.1.1.3B"
90.1-2004,2B,TRUE,,All,,,TRUE,TRUE,TRUE,TRUE,TRUE,FALSE,,,75,,55,75,,,,,TRUE,"From 90.1-2004 Table 6.5.1, Table 6.5.1.1.3A and Table 6.5.1.1.3B"
90.1-2004,3A,FALSE,,All,,,TRUE,FALSE,TRUE,TRUE,TRUE,TRUE,,,65,28,55,75,,,,,TRUE,"From 90.1-2004 Table 6.5.1, Table 6.5.1.1.3A and Table 6.5.1.1.3B"
90.1-2004,3A,TRUE,,All,,,TRUE,FALSE,TRUE,TRUE,TRUE,TRUE,,,65,28,55,75,,,,,TRUE,"From 90.1-2004 Table 6.5.1, Table 6.5.1.1.3A and Table 6.5.1.1.3B"
90.1-2004,3B,FALSE,,All,,,TRUE,TRUE,TRUE,TRUE,TRUE,FALSE,,,75,,55,75,,,,,TRUE,"From 90.1-2004 Table 6.5.1, Table 6.5.1.1.3A and Table 6.5.1.1.3B"
90.1-2004,3B,TRUE,,All,,,TRUE,TRUE,TRUE,TRUE,TRUE,FALSE,,,75,,55,75,,,,,TRUE,"From 90.1-2004 Table 6.5.1, Table 6.5.1.1.3A and Table 6.5.1.1.3B"
90.1-2004,3C,FALSE,,All,,,TRUE,TRUE,TRUE,TRUE,TRUE,FALSE,,,75,,55,75,,,,,TRUE,"From 90.1-2004 Table 6.5.1, Table 6.5.1.1.3A and Table 6.5.1.1.3B"
90.1-2004,3C,TRUE,,All,,,TRUE,TRUE,TRUE,TRUE,TRUE,FALSE,,,75,,55,75,,,,,TRUE,"From 90.1-2004 Table 6.5.1, Table 6.5.1.1.3A and Table 6.5.1.1.3B"
90.1-2004,4A,FALSE,,All,,,TRUE,FALSE,TRUE,TRUE,TRUE,TRUE,,,65,28,55,75,,,,,TRUE,"From 90.1-2004 Table 6.5.1, Table 6.5.1.1.3A and Table 6.5.1.1.3B"
90.1-2004,4A,TRUE,,All,,,TRUE,FALSE,TRUE,TRUE,TRUE,TRUE,,,65,28,55,75,,,,,TRUE,"From 90.1-2004 Table 6.5.1, Table 6.5.1.1.3A and Table 6.5.1.1.3B"
90.1-2004,4B,FALSE,,All,,,TRUE,TRUE,TRUE,TRUE,TRUE,FALSE,,,75,,55,75,,,,,TRUE,"From 90.1-2004 Table 6.5.1, Table 6.5.1.1.3A and Table 6.5.1.1.3B"
90.1-2004,4B,TRUE,,All,,,TRUE,TRUE,TRUE,TRUE,TRUE,FALSE,,,75,,55,75,,,,,TRUE,"From 90.1-2004 Table 6.5.1, Table 6.5.1.1.3A and Table 6.5.1.1.3B"
90.1-2004,4C,FALSE,,All,,,TRUE,TRUE,TRUE,TRUE,TRUE,FALSE,,,75,,55,75,,,,,TRUE,"From 90.1-2004 Table 6.5.1, Table 6.5.1.1.3A and Table 6.5.1.1.3B"
90.1-2004,4C,TRUE,,All,,,TRUE,TRUE,TRUE,TRUE,TRUE,FALSE,,,75,,55,75,,,,,TRUE,"From 90.1-2004 Table 6.5.1, Table 6.5.1.1.3A and Table 6.5.1.1.3B"
90.1-2004,5A,FALSE,,All,,,TRUE,TRUE,TRUE,TRUE,TRUE,TRUE,,,70,28,55,75,,,,,TRUE,"From 90.1-2004 Table 6.5.1, Table 6.5.1.1.3A and Table 6.5.1.1.3B"
90.1-2004,5A,TRUE,,All,,,TRUE,TRUE,TRUE,TRUE,TRUE,TRUE,,,70,28,55,75,,,,,TRUE,"From 90.1-2004 Table 6.5.1, Table 6.5.1.1.3A and Table 6.5.1.1.3B"
90.1-2004,5B,FALSE,,All,,,TRUE,TRUE,TRUE,TRUE,TRUE,FALSE,,,75,,55,75,,,,,TRUE,"From 90.1-2004 Table 6.5.1, Table 6.5.1.1.3A and Table 6.5.1.1.3B"
90.1-2004,5B,TRUE,,All,,,TRUE,TRUE,TRUE,TRUE,TRUE,FALSE,,,75,,55,75,,,,,TRUE,"From 90.1-2004 Table 6.5.1, Table 6.5.1.1.3A and Table 6.5.1.1.3B"
90.1-2004,5C,FALSE,,All,,,TRUE,TRUE,TRUE,TRUE,TRUE,FALSE,,,75,,55,75,,,,,TRUE,"From 90.1-2004 Table 6.5.1, Table 6.5.1.1.3A and Table 6.5.1.1.3B"
90.1-2004,5C,TRUE,,All,,,TRUE,TRUE,TRUE,TRUE,TRUE,FALSE,,,75,,55,75,,,,,TRUE,"From 90.1-2004 Table 6.5.1, Table 6.5.1.1.3A and Table 6.5.1.1.3B"
90.1-2004,6A,FALSE,,All,,,TRUE,TRUE,TRUE,TRUE,TRUE,TRUE,,,70,28,55,75,,,,,TRUE,"From 90.1-2004 Table 6.5.1, Table 6.5.1.1.3A and Table 6.5.1.1.3B"
90.1-2004,6A,TRUE,,All,,,TRUE,TRUE,TRUE,TRUE,TRUE,TRUE,,,70,28,55,75,,,,,TRUE,"From 90.1-2004 Table 6.5.1, Table 6.5.1.1.3A and Table 6.5.1.1.3B"
90.1-2004,6B,FALSE,,All,,,TRUE,TRUE,TRUE,TRUE,TRUE,FALSE,,,75,,55,75,,,,,TRUE,"From 90.1-2004 Table 6.5.1, Table 6.5.1.1.3A and Table 6.5.1.1.3B"
90.1-2004,6B,TRUE,,All,,,TRUE,TRUE,TRUE,TRUE,TRUE,FALSE,,,75,,55,75,,,,,TRUE,"From 90.1-2004 Table 6.5.1, Table 6.5.1.1.3A and Table 6.5.1.1.3B"
90.1-2004,7,FALSE,,All,,,TRUE,TRUE,TRUE,TRUE,TRUE,FALSE,,,75,,55,75,,,,,TRUE,"From 90.1-2004 Table 6.5.1, Table 6.5.1.1.3A and Table 6.5.1.1.3B"
90.1-2004,7,TRUE,,All,,,TRUE,TRUE,TRUE,TRUE,TRUE,FALSE,,,75,,55,75,,,,,TRUE,"From 90.1-2004 Table 6.5.1, Table 6.5.1.1.3A and Table 6.5.1.1.3B"
90.1-2004,7A,FALSE,,All,,,TRUE,TRUE,TRUE,TRUE,TRUE,FALSE,,,70,,55,75,,,,,TRUE,"From 90.1-2004 Table 6.5.1, Table 6.5.1.1.3A and Table 6.5.1.1.3B"
90.1-2004,7A,TRUE,,All,,,TRUE,TRUE,TRUE,TRUE,TRUE,FALSE,,,70,,55,75,,,,,TRUE,"From 90.1-2004 Table 6.5.1, Table 6.5.1.1.3A and Table 6.5.1.1.3B"
90.1-2004,7B,FALSE,,All,,,TRUE,TRUE,TRUE,TRUE,TRUE,FALSE,,,75,,55,75,,,,,TRUE,"From 90.1-2004 Table 6.5.1, Table 6.5.1.1.3A and Table 6.5.1.1.3B"
90.1-2004,7B,TRUE,,All,,,TRUE,TRUE,TRUE,TRUE,TRUE,FALSE,,,75,,55,75,,,,,TRUE,"From 90.1-2004 Table 6.5.1, Table 6.5.1.1.3A and Table 6.5.1.1.3B"
90.1-2004,8,FALSE,,All,,,TRUE,TRUE,TRUE,TRUE,TRUE,FALSE,,,75,,55,75,,,,,TRUE,"From 90.1-2004 Table 6.5.1, Table 6.5.1.1.3A and Table 6.5.1.1.3B"
90.1-2004,8,TRUE,,All,,,TRUE,TRUE,TRUE,TRUE,TRUE,FALSE,,,75,,55,75,,,,,TRUE,"From 90.1-2004 Table 6.5.1, Table 6.5.1.1.3A and Table 6.5.1.1.3B"
90.1-2007,1A,FALSE,,All,,,TRUE,FALSE,TRUE,TRUE,TRUE,TRUE,,,65,28,55,75,,,,,TRUE,"From 90.1-2007 Table 6.5.1, Table 6.5.1.1.3A and Table 6.5.1.1.3B"
90.1-2007,1A,TRUE,,All,,,TRUE,FALSE,TRUE,TRUE,TRUE,TRUE,,,65,28,55,75,,,,,TRUE,"From 90.1-2007 Table 6.5.1, Table 6.5.1.1.3A and Table 6.5.1.1.3B"
90.1-2007,1B,FALSE,,All,,,TRUE,TRUE,TRUE,TRUE,TRUE,FALSE,,,75,,55,75,,,,,TRUE,"From 90.1-2007 Table 6.5.1, Table 6.5.1.1.3A and Table 6.5.1.1.3B"
90.1-2007,1B,TRUE,,All,,,TRUE,TRUE,TRUE,TRUE,TRUE,FALSE,,,75,,55,75,,,,,TRUE,"From 90.1-2007 Table 6.5.1, Table 6.5.1.1.3A and Table 6.5.1.1.3B"
90.1-2007,2A,FALSE,,All,,,TRUE,FALSE,TRUE,TRUE,TRUE,TRUE,,,65,28,55,75,,,,,TRUE,"From 90.1-2007 Table 6.5.1, Table 6.5.1.1.3A and Table 6.5.1.1.3B"
90.1-2007,2A,TRUE,,All,,,TRUE,FALSE,TRUE,TRUE,TRUE,TRUE,,,65,28,55,75,,,,,TRUE,"From 90.1-2007 Table 6.5.1, Table 6.5.1.1.3A and Table 6.5.1.1.3B"
90.1-2007,2B,FALSE,,All,,,TRUE,TRUE,TRUE,TRUE,TRUE,FALSE,,,75,,55,75,,,,,TRUE,"From 90.1-2007 Table 6.5.1, Table 6.5.1.1.3A and Table 6.5.1.1.3B"
90.1-2007,2B,TRUE,,All,,,TRUE,TRUE,TRUE,TRUE,TRUE,FALSE,,,75,,55,75,,,,,TRUE,"From 90.1-2007 Table 6.5.1, Table 6.5.1.1.3A and Table 6.5.1.1.3B"
90.1-2007,3A,FALSE,,All,,,TRUE,FALSE,TRUE,TRUE,TRUE,TRUE,,,65,28,55,75,,,,,TRUE,"From 90.1-2007 Table 6.5.1, Table 6.5.1.1.3A and Table 6.5.1.1.3B"
90.1-2007,3A,TRUE,,All,,,TRUE,FALSE,TRUE,TRUE,TRUE,TRUE,,,65,28,55,75,,,,,TRUE,"From 90.1-2007 Table 6.5.1, Table 6.5.1.1.3A and Table 6.5.1.1.3B"
90.1-2007,3B,FALSE,,All,,,TRUE,TRUE,TRUE,TRUE,TRUE,FALSE,,,75,,55,75,,,,,TRUE,"From 90.1-2007 Table 6.5.1, Table 6.5.1.1.3A and Table 6.5.1.1.3B"
90.1-2007,3B,TRUE,,All,,,TRUE,TRUE,TRUE,TRUE,TRUE,FALSE,,,75,,55,75,,,,,TRUE,"From 90.1-2007 Table 6.5.1, Table 6.5.1.1.3A and Table 6.5.1.1.3B"
90.1-2007,3C,FALSE,,All,,,TRUE,TRUE,TRUE,TRUE,TRUE,FALSE,,,75,,55,75,,,,,TRUE,"From 90.1-2007 Table 6.5.1, Table 6.5.1.1.3A and Table 6.5.1.1.3B"
90.1-2007,3C,TRUE,,All,,,TRUE,TRUE,TRUE,TRUE,TRUE,FALSE,,,75,,55,75,,,,,TRUE,"From 90.1-2007 Table 6.5.1, Table 6.5.1.1.3A and Table 6.5.1.1.3B"
90.1-2007,4A,FALSE,,All,,,TRUE,FALSE,TRUE,TRUE,TRUE,TRUE,,,65,28,55,75,,,,,TRUE,"From 90.1-2007 Table 6.5.1, Table 6.5.1.1.3A and Table 6.5.1.1.3B"
90.1-2007,4A,TRUE,,All,,,TRUE,FALSE,TRUE,TRUE,TRUE,TRUE,,,65,28,55,75,,,,,TRUE,"From 90.1-2007 Table 6.5.1, Table 6.5.1.1.3A and Table 6.5.1.1.3B"
90.1-2007,4B,FALSE,,All,,,TRUE,TRUE,TRUE,TRUE,TRUE,FALSE,,,75,,55,75,,,,,TRUE,"From 90.1-2007 Table 6.5.1, Table 6.5.1.1.3A and Table 6.5.1.1.3B"
90.1-2007,4B,TRUE,,All,,,TRUE,TRUE,TRUE,TRUE,TRUE,FALSE,,,75,,55,75,,,,,TRUE,"From 90.1-2007 Table 6.5.1, Table 6.5.1.1.3A and Table 6.5.1.1.3B"
90.1-2007,4C,FALSE,,All,,,TRUE,TRUE,TRUE,TRUE,TRUE,FALSE,,,75,,55,75,,,,,TRUE,"From 90.1-2007 Table 6.5.1, Table 6.5.1.1.3A and Table 6.5.1.1.3B"
90.1-2007,4C,TRUE,,All,,,TRUE,TRUE,TRUE,TRUE,TRUE,FALSE,,,75,,55,75,,,,,TRUE,"From 90.1-2007 Table 6.5.1, Table 6.5.1.1.3A and Table 6.5.1.1.3B"
90.1-2007,5A,FALSE,,All,,,TRUE,TRUE,TRUE,TRUE,TRUE,TRUE,,,70,28,55,75,,,,,TRUE,"From 90.1-2007 Table 6.5.1, Table 6.5.1.1.3A and Table 6.5.1.1.3B"
90.1-2007,5A,TRUE,,All,,,TRUE,TRUE,TRUE,TRUE,TRUE,TRUE,,,70,28,55,75,,,,,TRUE,"From 90.1-2007 Table 6.5.1, Table 6.5.1.1.3A and Table 6.5.1.1.3B"
90.1-2007,5B,FALSE,,All,,,TRUE,TRUE,TRUE,TRUE,TRUE,FALSE,,,75,,55,75,,,,,TRUE,"From 90.1-2007 Table 6.5.1, Table 6.5.1.1.3A and Table 6.5.1.1.3B"
90.1-2007,5B,TRUE,,All,,,TRUE,TRUE,TRUE,TRUE,TRUE,FALSE,,,75,,55,75,,,,,TRUE,"From 90.1-2007 Table 6.5.1, Table 6.5.1.1.3A and Table 6.5.1.1.3B"
90.1-2007,5C,FALSE,,All,,,TRUE,TRUE,TRUE,TRUE,TRUE,FALSE,,,75,,55,75,,,,,TRUE,"From 90.1-2007 Table 6.5.1, Table 6.5.1.1.3A and Table 6.5.1.1.3B"
90.1-2007,5C,TRUE,,All,,,TRUE,TRUE,TRUE,TRUE,TRUE,FALSE,,,75,,55,75,,,,,TRUE,"From 90.1-2007 Table 6.5.1, Table 6.5.1.1.3A and Table 6.5.1.1.3B"
90.1-2007,6A,FALSE,,All,,,TRUE,TRUE,TRUE,TRUE,TRUE,TRUE,,,70,28,55,75,,,,,TRUE,"From 90.1-2007 Table 6.5.1, Table 6.5.1.1.3A and Table 6.5.1.1.3B"
90.1-2007,6A,TRUE,,All,,,TRUE,TRUE,TRUE,TRUE,TRUE,TRUE,,,70,28,55,75,,,,,TRUE,"From 90.1-2007 Table 6.5.1, Table 6.5.1.1.3A and Table 6.5.1.1.3B"
90.1-2007,6B,FALSE,,All,,,TRUE,TRUE,TRUE,TRUE,TRUE,FALSE,,,75,,55,75,,,,,TRUE,"From 90.1-2007 Table 6.5.1, Table 6.5.1.1.3A and Table 6.5.1.1.3B"
90.1-2007,6B,TRUE,,All,,,TRUE,TRUE,TRUE,TRUE,TRUE,FALSE,,,75,,55,75,,,,,TRUE,"From 90.1-2007 Table 6.5.1, Table 6.5.1.1.3A and Table 6.5.1.1.3B"
90.1-2007,7,FALSE,,All,,,TRUE,TRUE,TRUE,TRUE,TRUE,FALSE,,,75,,55,75,,,,,TRUE,"From 90.1-2007 Table 6.5.1, Table 6.5.1.1.3A and Table 6.5.1.1.3B"
90.1-2007,7,TRUE,,All,,,TRUE,TRUE,TRUE,TRUE,TRUE,FALSE,,,75,,55,75,,,,,TRUE,"From 90.1-2007 Table 6.5.1, Table 6.5.1.1.3A and Table 6.5.1.1.3B"
90.1-2007,7A,FALSE,,All,,,TRUE,TRUE,TRUE,TRUE,TRUE,FALSE,,,70,,55,75,,,,,TRUE,"From 90.1-2007 Table 6.5.1, Table 6.5.1.1.3A and Table 6.5.1.1.3B"
90.1-2007,7A,TRUE,,All,,,TRUE,TRUE,TRUE,TRUE,TRUE,FALSE,,,70,,55,75,,,,,TRUE,"From 90.1-2007 Table 6.5.1, Table 6.5.1.1.3A and Table 6.5.1.1.3B"
90.1-2007,7B,FALSE,,All,,,TRUE,TRUE,TRUE,TRUE,TRUE,FALSE,,,75,,55,75,,,,,TRUE,"From 90.1-2007 Table 6.5.1, Table 6.5.1.1.3A and Table 6.5.1.1.3B"
90.1-2007,7B,TRUE,,All,,,TRUE,TRUE,TRUE,TRUE,TRUE,FALSE,,,75,,55,75,,,,,TRUE,"From 90.1-2007 Table 6.5.1, Table 6.5.1.1.3A and Table 6.5.1.1.3B"
90.1-2007,8,FALSE,,All,,,TRUE,TRUE,TRUE,TRUE,TRUE,FALSE,,,75,,55,75,,,,,TRUE,"From 90.1-2007 Table 6.5.1, Table 6.5.1.1.3A and Table 6.5.1.1.3B"
90.1-2007,8,TRUE,,All,,,TRUE,TRUE,TRUE,TRUE,TRUE,FALSE,,,75,,55,75,,,,,TRUE,"From 90.1-2007 Table 6.5.1, Table 6.5.1.1.3A and Table 6.5.1.1.3B"
90.1-2010,1A,TRUE,,All,,,FALSE,FALSE,TRUE,TRUE,TRUE,TRUE,,,,,55,75,,,,,TRUE,"From 90.1-2010 Table 6.5.1B, Table 6.5.1.1.3A and Table 6.5.1.1.3B"
90.1-2010,1A,FALSE,,All,,,FALSE,FALSE,TRUE,TRUE,TRUE,TRUE,,,,,55,75,,,,,TRUE,"From 90.1-2010 Table 6.5.1A, Table 6.5.1.1.3A and Table 6.5.1.1.3B"
90.1-2010,1B,TRUE,,All,,,TRUE,TRUE,TRUE,TRUE,TRUE,FALSE,,,75,,55,75,,,,,TRUE,"From 90.1-2010 Table 6.5.1B, Table 6.5.1.1.3A and Table 6.5.1.1.3B"
90.1-2010,1B,FALSE,,All,,,TRUE,TRUE,TRUE,TRUE,TRUE,FALSE,,,75,,55,75,,,,,TRUE,"From 90.1-2010 Table 6.5.1A, Table 6.5.1.1.3A and Table 6.5.1.1.3B"
90.1-2010,2A,TRUE,,All,,,FALSE,FALSE,TRUE,TRUE,TRUE,TRUE,,,,28,55,75,,,,,TRUE,"From 90.1-2010 Table 6.5.1B, Table 6.5.1.1.3A and Table 6.5.1.1.3B"
90.1-2010,2A,FALSE,,All,,,FALSE,FALSE,TRUE,TRUE,TRUE,TRUE,,,,28,55,75,,,,,TRUE,"From 90.1-2010 Table 6.5.1A, Table 6.5.1.1.3A and Table 6.5.1.1.3B"
90.1-2010,2B,TRUE,,All,,,TRUE,TRUE,TRUE,TRUE,TRUE,FALSE,,,75,,55,75,,,,,TRUE,"From 90.1-2010 Table 6.5.1B, Table 6.5.1.1.3A and Table 6.5.1.1.3B"
90.1-2010,2B,FALSE,,All,,,TRUE,TRUE,TRUE,TRUE,TRUE,FALSE,,,75,,55,75,,,,,TRUE,"From 90.1-2010 Table 6.5.1A, Table 6.5.1.1.3A and Table 6.5.1.1.3B"
90.1-2010,3A,TRUE,,All,,,FALSE,FALSE,TRUE,TRUE,TRUE,TRUE,,,,28,55,75,,,,,TRUE,"From 90.1-2010 Table 6.5.1B, Table 6.5.1.1.3A and Table 6.5.1.1.3B"
90.1-2010,3A,FALSE,,All,,,FALSE,FALSE,TRUE,TRUE,TRUE,TRUE,,,,28,55,75,,,,,TRUE,"From 90.1-2010 Table 6.5.1A, Table 6.5.1.1.3A and Table 6.5.1.1.3B"
90.1-2010,3B,TRUE,,All,,,TRUE,TRUE,TRUE,TRUE,TRUE,FALSE,,,75,,55,75,,,,,TRUE,"From 90.1-2010 Table 6.5.1B, Table 6.5.1.1.3A and Table 6.5.1.1.3B"
90.1-2010,3B,FALSE,,All,,,TRUE,TRUE,TRUE,TRUE,TRUE,FALSE,,,75,,55,75,,,,,TRUE,"From 90.1-2010 Table 6.5.1A, Table 6.5.1.1.3A and Table 6.5.1.1.3B"
90.1-2010,3C,TRUE,,All,,,TRUE,TRUE,TRUE,TRUE,TRUE,FALSE,,,75,,55,75,,,,,TRUE,"From 90.1-2010 Table 6.5.1B, Table 6.5.1.1.3A and Table 6.5.1.1.3B"
90.1-2010,3C,FALSE,,All,,,TRUE,TRUE,TRUE,TRUE,TRUE,FALSE,,,75,,55,75,,,,,TRUE,"From 90.1-2010 Table 6.5.1A, Table 6.5.1.1.3A and Table 6.5.1.1.3B"
90.1-2010,4A,TRUE,,All,,,FALSE,FALSE,TRUE,TRUE,TRUE,TRUE,,,,28,55,75,,,,,TRUE,"From 90.1-2010 Table 6.5.1B, Table 6.5.1.1.3A and Table 6.5.1.1.3B"
90.1-2010,4A,FALSE,,All,,,FALSE,FALSE,TRUE,TRUE,TRUE,TRUE,,,,28,55,75,,,,,TRUE,"From 90.1-2010 Table 6.5.1A, Table 6.5.1.1.3A and Table 6.5.1.1.3B"
90.1-2010,4B,TRUE,,All,,,TRUE,TRUE,TRUE,TRUE,TRUE,FALSE,,,75,,55,75,,,,,TRUE,"From 90.1-2010 Table 6.5.1B, Table 6.5.1.1.3A and Table 6.5.1.1.3B"
90.1-2010,4B,FALSE,,All,,,TRUE,TRUE,TRUE,TRUE,TRUE,FALSE,,,75,,55,75,,,,,TRUE,"From 90.1-2010 Table 6.5.1A, Table 6.5.1.1.3A and Table 6.5.1.1.3B"
90.1-2010,4C,TRUE,,All,,,TRUE,TRUE,TRUE,TRUE,TRUE,FALSE,,,75,,55,75,,,,,TRUE,"From 90.1-2010 Table 6.5.1B, Table 6.5.1.1.3A and Table 6.5.1.1.3B"
90.1-2010,4C,FALSE,,All,,,TRUE,TRUE,TRUE,TRUE,TRUE,FALSE,,,75,,55,75,,,,,TRUE,"From 90.1-2010 Table 6.5.1A, Table 6.5.1.1.3A and Table 6.5.1.1.3B"
90.1-2010,5A,TRUE,,All,,,TRUE,TRUE,TRUE,TRUE,TRUE,TRUE,,,70,28,55,75,,,,,TRUE,"From 90.1-2010 Table 6.5.1B, Table 6.5.1.1.3A and Table 6.5.1.1.3B"
90.1-2010,5A,FALSE,,All,,,TRUE,TRUE,TRUE,TRUE,TRUE,TRUE,,,70,28,55,75,,,,,TRUE,"From 90.1-2010 Table 6.5.1A, Table 6.5.1.1.3A and Table 6.5.1.1.3B"
90.1-2010,5B,TRUE,,All,,,TRUE,TRUE,TRUE,TRUE,TRUE,FALSE,,,75,,55,75,,,,,TRUE,"From 90.1-2010 Table 6.5.1B, Table 6.5.1.1.3A and Table 6.5.1.1.3B"
90.1-2010,5B,FALSE,,All,,,TRUE,TRUE,TRUE,TRUE,TRUE,FALSE,,,75,,55,75,,,,,TRUE,"From 90.1-2010 Table 6.5.1A, Table 6.5.1.1.3A and Table 6.5.1.1.3B"
90.1-2010,5C,TRUE,,All,,,TRUE,TRUE,TRUE,TRUE,TRUE,FALSE,,,75,,55,75,,,,,TRUE,"From 90.1-2010 Table 6.5.1B, Table 6.5.1.1.3A and Table 6.5.1.1.3B"
90.1-2010,5C,FALSE,,All,,,TRUE,TRUE,TRUE,TRUE,TRUE,FALSE,,,75,,55,75,,,,,TRUE,"From 90.1-2010 Table 6.5.1A, Table 6.5.1.1.3A and Table 6.5.1.1.3B"
90.1-2010,6A,TRUE,,All,,,TRUE,TRUE,TRUE,TRUE,TRUE,TRUE,,,70,28,55,75,,,,,TRUE,"From 90.1-2010 Table 6.5.1B, Table 6.5.1.1.3A and Table 6.5.1.1.3B"
90.1-2010,6A,FALSE,,All,,,TRUE,TRUE,TRUE,TRUE,TRUE,TRUE,,,70,28,55,75,,,,,TRUE,"From 90.1-2010 Table 6.5.1A, Table 6.5.1.1.3A and Table 6.5.1.1.3B"
90.1-2010,6B,TRUE,,All,,,TRUE,TRUE,TRUE,TRUE,TRUE,FALSE,,,75,,55,75,,,,,TRUE,"From 90.1-2010 Table 6.5.1B, Table 6.5.1.1.3A and Table 6.5.1.1.3B"
90.1-2010,6B,FALSE,,All,,,TRUE,TRUE,TRUE,TRUE,TRUE,FALSE,,,75,,55,75,,,,,TRUE,"From 90.1-2010 Table 6.5.1A, Table 6.5.1.1.3A and Table 6.5.1.1.3B"
90.1-2010,7,TRUE,,All,,,TRUE,TRUE,TRUE,TRUE,TRUE,FALSE,,,75,,55,75,,,,,TRUE,"From 90.1-2010 Table 6.5.1B, Table 6.5.1.1.3A and Table 6.5.1.1.3B"
90.1-2010,7,FALSE,,All,,,TRUE,TRUE,TRUE,TRUE,TRUE,FALSE,,,75,,55,75,,,,,TRUE,"From 90.1-2010 Table 6.5.1A, Table 6.5.1.1.3A and Table 6.5.1.1.3B"
90.1-2010,7A,TRUE,,All,,,TRUE,TRUE,TRUE,TRUE,TRUE,FALSE,,,75,,55,75,,,,,TRUE,"From 90.1-2010 Table 6.5.1B, Table 6.5.1.1.3A and Table 6.5.1.1.3B"
90.1-2010,7A,FALSE,,All,,,TRUE,TRUE,TRUE,TRUE,TRUE,FALSE,,,75,,55,75,,,,,TRUE,"From 90.1-2010 Table 6.5.1A, Table 6.5.1.1.3A and Table 6.5.1.1.3B"
90.1-2010,7B,TRUE,,All,,,TRUE,TRUE,TRUE,TRUE,TRUE,FALSE,,,75,,55,75,,,,,TRUE,"From 90.1-2010 Table 6.5.1B, Table 6.5.1.1.3A and Table 6.5.1.1.3B"
90.1-2010,7B,FALSE,,All,,,TRUE,TRUE,TRUE,TRUE,TRUE,FALSE,,,75,,55,75,,,,,TRUE,"From 90.1-2010 Table 6.5.1A, Table 6.5.1.1.3A and Table 6.5.1.1.3B"
90.1-2010,8,TRUE,,All,,,TRUE,TRUE,TRUE,TRUE,TRUE,FALSE,,,75,,55,75,,,,,TRUE,"From 90.1-2010 Table 6.5.1B, Table 6.5.1.1.3A and Table 6.5.1.1.3B"
90.1-2010,8,FALSE,,All,,,TRUE,TRUE,TRUE,TRUE,TRUE,FALSE,,,75,,55,75,,,,,TRUE,"From 90.1-2010 Table 6.5.1A, Table 6.5.1.1.3A and Table 6.5.1.1.3B"
90.1-2013,1A,TRUE,,All,,,TRUE,FALSE,,,,,TRUE,TRUE,65,,,,28,75,75,,TRUE,"From 90.1-2013 Table 6.5.1-2, Table 6.5.1.1.3 and Table 6.5.1-3"
90.1-2013,1A,FALSE,,All,,,TRUE,FALSE,,,,,TRUE,TRUE,65,,,,28,75,75,,TRUE,"From 90.1-2013 Table 6.5.1-1, Table 6.5.1.1.3 and Table 6.5.1-3"
90.1-2013,1B,TRUE,,All,,,TRUE,TRUE,,,,,TRUE,TRUE,75,,,,28,75,75,,TRUE,"From 90.1-2013 Table 6.5.1-2, Table 6.5.1.1.3 and Table 6.5.1-3"
90.1-2013,1B,FALSE,,All,,,TRUE,TRUE,,,,,TRUE,TRUE,75,,,,28,75,75,,TRUE,"From 90.1-2013 Table 6.5.1-1, Table 6.5.1.1.3 and Table 6.5.1-3"
90.1-2013,2A,TRUE,,All,,,TRUE,FALSE,,,,,TRUE,TRUE,65,,,,28,75,75,17,TRUE,"From 90.1-2013 Table 6.5.1-2, Table 6.5.1.1.3 and Table 6.5.1-3"
90.1-2013,2A,FALSE,,All,,,TRUE,FALSE,,,,,TRUE,TRUE,65,,,,28,75,75,17,TRUE,"From 90.1-2013 Table 6.5.1-1, Table 6.5.1.1.3 and Table 6.5.1-3"
90.1-2013,2B,TRUE,,All,,,TRUE,TRUE,,,,,TRUE,TRUE,75,,,,28,75,75,21,TRUE,"From 90.1-2013 Table 6.5.1-2, Table 6.5.1.1.3 and Table 6.5.1-3"
90.1-2013,2B,FALSE,,All,,,TRUE,TRUE,,,,,TRUE,TRUE,75,,,,28,75,75,21,TRUE,"From 90.1-2013 Table 6.5.1-1, Table 6.5.1.1.3 and Table 6.5.1-3"
90.1-2013,3A,TRUE,,All,,,TRUE,FALSE,,,,,TRUE,TRUE,65,,,,28,75,75,27,TRUE,"From 90.1-2013 Table 6.5.1-2, Table 6.5.1.1.3 and Table 6.5.1-3"
90.1-2013,3A,FALSE,,All,,,TRUE,FALSE,,,,,TRUE,TRUE,65,,,,28,75,75,27,TRUE,"From 90.1-2013 Table 6.5.1-1, Table 6.5.1.1.3 and Table 6.5.1-3"
90.1-2013,3B,TRUE,,All,,,TRUE,TRUE,,,,,TRUE,TRUE,75,,,,28,75,75,32,TRUE,"From 90.1-2013 Table 6.5.1-2, Table 6.5.1.1.3 and Table 6.5.1-3"
90.1-2013,3B,FALSE,,All,,,TRUE,TRUE,,,,,TRUE,TRUE,75,,,,28,75,75,32,TRUE,"From 90.1-2013 Table 6.5.1-1, Table 6.5.1.1.3 and Table 6.5.1-3"
90.1-2013,3C,TRUE,,All,,,TRUE,TRUE,,,,,TRUE,TRUE,75,,,,28,75,75,65,TRUE,"From 90.1-2013 Table 6.5.1-2, Table 6.5.1.1.3 and Table 6.5.1-3"
90.1-2013,3C,FALSE,,All,,,TRUE,TRUE,,,,,TRUE,TRUE,75,,,,28,75,75,65,TRUE,"From 90.1-2013 Table 6.5.1-1, Table 6.5.1.1.3 and Table 6.5.1-3"
90.1-2013,4A,TRUE,,All,,,TRUE,FALSE,,,,,TRUE,TRUE,65,,,,28,75,75,42,TRUE,"From 90.1-2013 Table 6.5.1-2, Table 6.5.1.1.3 and Table 6.5.1-3"
90.1-2013,4A,FALSE,,All,,,TRUE,FALSE,,,,,TRUE,TRUE,65,,,,28,75,75,42,TRUE,"From 90.1-2013 Table 6.5.1-1, Table 6.5.1.1.3 and Table 6.5.1-3"
90.1-2013,4B,TRUE,,All,,,TRUE,TRUE,,,,,TRUE,TRUE,75,,,,28,75,75,49,TRUE,"From 90.1-2013 Table 6.5.1-2, Table 6.5.1.1.3 and Table 6.5.1-3"
90.1-2013,4B,FALSE,,All,,,TRUE,TRUE,,,,,TRUE,TRUE,75,,,,28,75,75,49,TRUE,"From 90.1-2013 Table 6.5.1-1, Table 6.5.1.1.3 and Table 6.5.1-3"
90.1-2013,4C,TRUE,,All,,,TRUE,TRUE,,,,,TRUE,TRUE,75,,,,28,75,75,64,TRUE,"From 90.1-2013 Table 6.5.1-2, Table 6.5.1.1.3 and Table 6.5.1-3"
90.1-2013,4C,FALSE,,All,,,TRUE,TRUE,,,,,TRUE,TRUE,75,,,,28,75,75,64,TRUE,"From 90.1-2013 Table 6.5.1-1, Table 6.5.1.1.3 and Table 6.5.1-3"
90.1-2013,5A,TRUE,,All,,,TRUE,TRUE,,,,,TRUE,TRUE,70,,,,28,75,75,49,TRUE,"From 90.1-2013 Table 6.5.1-2, Table 6.5.1.1.3 and Table 6.5.1-3"
90.1-2013,5A,FALSE,,All,,,TRUE,TRUE,,,,,TRUE,TRUE,70,,,,28,75,75,49,TRUE,"From 90.1-2013 Table 6.5.1-1, Table 6.5.1.1.3 and Table 6.5.1-3"
90.1-2013,5B,TRUE,,All,,,TRUE,TRUE,,,,,TRUE,TRUE,75,,,,28,75,75,59,TRUE,"From 90.1-2013 Table 6.5.1-2, Table 6.5.1.1.3 and Table 6.5.1-3"
90.1-2013,5B,FALSE,,All,,,TRUE,TRUE,,,,,TRUE,TRUE,75,,,,28,75,75,59,TRUE,"From 90.1-2013 Table 6.5.1-1, Table 6.5.1.1.3 and Table 6.5.1-3"
90.1-2013,5C,TRUE,,All,,,TRUE,TRUE,,,,,TRUE,TRUE,75,,,,28,75,75,74,TRUE,"From 90.1-2013 Table 6.5.1-2, Table 6.5.1.1.3 and Table 6.5.1-3"
90.1-2013,5C,FALSE,,All,,,TRUE,TRUE,,,,,TRUE,TRUE,75,,,,28,75,75,74,TRUE,"From 90.1-2013 Table 6.5.1-1, Table 6.5.1.1.3 and Table 6.5.1-3"
90.1-2013,6A,TRUE,,All,,,TRUE,TRUE,,,,,TRUE,TRUE,70,,,,28,75,75,56,TRUE,"From 90.1-2013 Table 6.5.1-2, Table 6.5.1.1.3 and Table 6.5.1-3"
90.1-2013,6A,FALSE,,All,,,TRUE,TRUE,,,,,TRUE,TRUE,70,,,,28,75,75,56,TRUE,"From 90.1-2013 Table 6.5.1-1, Table 6.5.1.1.3 and Table 6.5.1-3"
90.1-2013,6B,TRUE,,All,,,TRUE,TRUE,,,,,TRUE,TRUE,75,,,,28,75,75,65,TRUE,"From 90.1-2013 Table 6.5.1-2, Table 6.5.1.1.3 and Table 6.5.1-3"
90.1-2013,6B,FALSE,,All,,,TRUE,TRUE,,,,,TRUE,TRUE,75,,,,28,75,75,65,TRUE,"From 90.1-2013 Table 6.5.1-1, Table 6.5.1.1.3 and Table 6.5.1-3"
90.1-2013,7,TRUE,,All,,,TRUE,TRUE,,,,,TRUE,TRUE,75,,,,28,75,75,72,TRUE,"From 90.1-2013 Table 6.5.1-2, Table 6.5.1.1.3 and Table 6.5.1-3"
90.1-2013,7,FALSE,,All,,,TRUE,TRUE,,,,,TRUE,TRUE,75,,,,28,75,75,72,TRUE,"From 90.1-2013 Table 6.5.1-1, Table 6.5.1.1.3 and Table 6.5.1-3"
90.1-2013,7A,TRUE,,All,,,TRUE,TRUE,,,,,TRUE,TRUE,75,,,,28,75,75,72,TRUE,"From 90.1-2013 Table 6.5.1-2, Table 6.5.1.1.3 and Table 6.5.1-3"
90.1-2013,7A,FALSE,,All,,,TRUE,TRUE,,,,,TRUE,TRUE,75,,,,28,75,75,72,TRUE,"From 90.1-2013 Table 6.5.1-1, Table 6.5.1.1.3 and Table 6.5.1-3"
90.1-2013,7B,TRUE,,All,,,TRUE,TRUE,,,,,TRUE,TRUE,75,,,,28,75,75,72,TRUE,"From 90.1-2013 Table 6.5.1-2, Table 6.5.1.1.3 and Table 6.5.1-3"
90.1-2013,7B,FALSE,,All,,,TRUE,TRUE,,,,,TRUE,TRUE,75,,,,28,75,75,72,TRUE,"From 90.1-2013 Table 6.5.1-1, Table 6.5.1.1.3 and Table 6.5.1-3"
90.1-2013,8,TRUE,,All,,,TRUE,TRUE,,,,,TRUE,TRUE,75,,,,28,75,75,77,TRUE,"From 90.1-2013 Table 6.5.1-2, Table 6.5.1.1.3 and Table 6.5.1-3"
90.1-2013,8,FALSE,,All,,,TRUE,TRUE,,,,,TRUE,TRUE,75,,,,28,75,75,77,TRUE,"From 90.1-2013 Table 6.5.1-1, Table 6.5.1.1.3 and Table 6.5.1-3"
90.1-2004,0A,FALSE,,All,,,TRUE,FALSE,TRUE,TRUE,TRUE,TRUE,,,65,28,55,75,,,,,TRUE,Based on entries for climate zone 1A
90.1-2004,0B,FALSE,,All,,,TRUE,TRUE,TRUE,TRUE,TRUE,FALSE,,,75,,55,75,,,,,TRUE,Based on entries for climate zone 1B
90.1-2004,0A,TRUE,,All,,,TRUE,FALSE,TRUE,TRUE,TRUE,TRUE,,,65,28,55,75,,,,,TRUE,Based on entries for climate zone 1A
90.1-2004,0B,TRUE,,All,,,TRUE,TRUE,TRUE,TRUE,TRUE,FALSE,,,75,,55,75,,,,,TRUE,Based on entries for climate zone 1B
90.1-2007,0A,FALSE,,All,,,TRUE,FALSE,TRUE,TRUE,TRUE,TRUE,,,65,28,55,75,,,,,TRUE,Based on entries for climate zone 1A
90.1-2007,0B,FALSE,,All,,,TRUE,TRUE,TRUE,TRUE,TRUE,FALSE,,,75,,55,75,,,,,TRUE,Based on entries for climate zone 1B
90.1-2007,0A,TRUE,,All,,,TRUE,FALSE,TRUE,TRUE,TRUE,TRUE,,,65,28,55,75,,,,,TRUE,Based on entries for climate zone 1A
90.1-2007,0B,TRUE,,All,,,TRUE,TRUE,TRUE,TRUE,TRUE,FALSE,,,75,,55,75,,,,,TRUE,Based on entries for climate zone 1B
90.1-2010,0A,FALSE,,All,,,FALSE,FALSE,TRUE,TRUE,TRUE,TRUE,,,,,55,75,,,,,TRUE,Based on entries for climate zone 1A
90.1-2010,0B,FALSE,,All,,,TRUE,TRUE,TRUE,TRUE,TRUE,FALSE,,,75,,55,75,,,,,TRUE,Based on entries for climate zone 1B
90.1-2013,0A,FALSE,,All,,,TRUE,FALSE,,,,,TRUE,TRUE,65,,,,28,75,75,,TRUE,Based on entries for climate zone 1A
90.1-2013,0B,FALSE,,All,,,TRUE,TRUE,,,,,TRUE,TRUE,75,,,,28,75,75,,TRUE,Based on entries for climate zone 1B
90.1-2010,0A,TRUE,,All,,,FALSE,FALSE,TRUE,TRUE,TRUE,TRUE,,,,,55,75,,,,,TRUE,Based on entries for climate zone 1A
90.1-2010,0B,TRUE,,All,,,TRUE,TRUE,TRUE,TRUE,TRUE,FALSE,,,75,,55,75,,,,,TRUE,Based on entries for climate zone 1B
90.1-2013,0A,TRUE,,All,,,TRUE,FALSE,,,,,TRUE,TRUE,65,,,,28,75,75,,TRUE,Based on entries for climate zone 1A
90.1-2013,0B,TRUE,,All,,,TRUE,TRUE,,,,,TRUE,TRUE,75,,,,28,75,75,,TRUE,Based on entries for climate zone 1B
90.1-2016,1A,TRUE,,All,0,0,TRUE,FALSE,,,,,TRUE,TRUE,65,,,,28,75,75,,TRUE,"From 90.1-2016 Table 6.5.1-1, Table 6.5.1-2 and Table 6.5.1.1.3"
90.1-2016,1A,FALSE,,All,0,0,TRUE,FALSE,,,,,TRUE,TRUE,65,,,,28,75,75,,TRUE,"From 90.1-2016 Table 6.5.1-1, Table 6.5.1-2 and Table 6.5.1.1.3"
90.1-2016,1B,TRUE,,All,1000000,1000000,TRUE,TRUE,,,,,TRUE,TRUE,75,,,,28,75,75,,TRUE,"From 90.1-2016 Table 6.5.1-1, Table 6.5.1-2 and Table 6.5.1.1.3"
90.1-2016,1B,FALSE,,All,1000000,1000000,TRUE,TRUE,,,,,TRUE,TRUE,75,,,,28,75,75,,TRUE,"From 90.1-2016 Table 6.5.1-1, Table 6.5.1-2 and Table 6.5.1.1.3"
90.1-2016,2A,TRUE,,All,1000000,1000000,TRUE,FALSE,,,,,TRUE,TRUE,65,,,,28,75,75,17,TRUE,"From 90.1-2016 Table 6.5.1-1, Table 6.5.1-2 and Table 6.5.1.1.3"
90.1-2016,2A,FALSE,,All,1000000,1000000,TRUE,FALSE,,,,,TRUE,TRUE,65,,,,28,75,75,17,TRUE,"From 90.1-2016 Table 6.5.1-1, Table 6.5.1-2 and Table 6.5.1.1.3"
90.1-2016,2B,TRUE,,All,1000000,1000000,TRUE,TRUE,,,,,TRUE,TRUE,75,,,,28,75,75,21,TRUE,"From 90.1-2016 Table 6.5.1-1, Table 6.5.1-2 and Table 6.5.1.1.3"
90.1-2016,2B,FALSE,,All,1000000,1000000,TRUE,TRUE,,,,,TRUE,TRUE,75,,,,28,75,75,21,TRUE,"From 90.1-2016 Table 6.5.1-1, Table 6.5.1-2 and Table 6.5.1.1.3"
90.1-2016,3A,TRUE,,All,1000000,1000000,TRUE,FALSE,,,,,TRUE,TRUE,65,,,,28,75,75,27,TRUE,"From 90.1-2016 Table 6.5.1-1, Table 6.5.1-2 and Table 6.5.1.1.3"
90.1-2016,3A,FALSE,,All,1000000,1000000,TRUE,FALSE,,,,,TRUE,TRUE,65,,,,28,75,75,27,TRUE,"From 90.1-2016 Table 6.5.1-1, Table 6.5.1-2 and Table 6.5.1.1.3"
90.1-2016,3B,TRUE,,All,1000000,1000000,TRUE,TRUE,,,,,TRUE,TRUE,75,,,,28,75,75,32,TRUE,"From 90.1-2016 Table 6.5.1-1, Table 6.5.1-2 and Table 6.5.1.1.3"
90.1-2016,3B,FALSE,,All,1000000,1000000,TRUE,TRUE,,,,,TRUE,TRUE,75,,,,28,75,75,32,TRUE,"From 90.1-2016 Table 6.5.1-1, Table 6.5.1-2 and Table 6.5.1.1.3"
90.1-2016,3C,TRUE,,All,1000000,1000000,TRUE,TRUE,,,,,TRUE,TRUE,75,,,,28,75,75,65,TRUE,"From 90.1-2016 Table 6.5.1-1, Table 6.5.1-2 and Table 6.5.1.1.3"
90.1-2016,3C,FALSE,,All,1000000,1000000,TRUE,TRUE,,,,,TRUE,TRUE,75,,,,28,75,75,65,TRUE,"From 90.1-2016 Table 6.5.1-1, Table 6.5.1-2 and Table 6.5.1.1.3"
90.1-2016,4A,TRUE,,All,1000000,1000000,TRUE,FALSE,,,,,TRUE,TRUE,65,,,,28,75,75,42,TRUE,"From 90.1-2016 Table 6.5.1-1, Table 6.5.1-2 and Table 6.5.1.1.3"
90.1-2016,4A,FALSE,,All,1000000,1000000,TRUE,FALSE,,,,,TRUE,TRUE,65,,,,28,75,75,42,TRUE,"From 90.1-2016 Table 6.5.1-1, Table 6.5.1-2 and Table 6.5.1.1.3"
90.1-2016,4B,TRUE,,All,1000000,1000000,TRUE,TRUE,,,,,TRUE,TRUE,75,,,,28,75,75,49,TRUE,"From 90.1-2016 Table 6.5.1-1, Table 6.5.1-2 and Table 6.5.1.1.3"
90.1-2016,4B,FALSE,,All,1000000,1000000,TRUE,TRUE,,,,,TRUE,TRUE,75,,,,28,75,75,49,TRUE,"From 90.1-2016 Table 6.5.1-1, Table 6.5.1-2 and Table 6.5.1.1.3"
90.1-2016,4C,TRUE,,All,1000000,1000000,TRUE,TRUE,,,,,TRUE,TRUE,75,,,,28,75,75,64,TRUE,"From 90.1-2016 Table 6.5.1-1, Table 6.5.1-2 and Table 6.5.1.1.3"
90.1-2016,4C,FALSE,,All,1000000,1000000,TRUE,TRUE,,,,,TRUE,TRUE,75,,,,28,75,75,64,TRUE,"From 90.1-2016 Table 6.5.1-1, Table 6.5.1-2 and Table 6.5.1.1.3"
90.1-2016,5A,TRUE,,All,1400000,1400000,TRUE,TRUE,,,,,TRUE,TRUE,70,,,,28,75,75,49,TRUE,"From 90.1-2016 Table 6.5.1-1, Table 6.5.1-2 and Table 6.5.1.1.3"
90.1-2016,5A,FALSE,,All,1400000,1400000,TRUE,TRUE,,,,,TRUE,TRUE,70,,,,28,75,75,49,TRUE,"From 90.1-2016 Table 6.5.1-1, Table 6.5.1-2 and Table 6.5.1.1.3"
90.1-2016,5B,TRUE,,All,1400000,1400000,TRUE,TRUE,,,,,TRUE,TRUE,75,,,,28,75,75,59,TRUE,"From 90.1-2016 Table 6.5.1-1, Table 6.5.1-2 and Table 6.5.1.1.3"
90.1-2016,5B,FALSE,,All,1400000,1400000,TRUE,TRUE,,,,,TRUE,TRUE,75,,,,28,75,75,59,TRUE,"From 90.1-2016 Table 6.5.1-1, Table 6.5.1-2 and Table 6.5.1.1.3"
90.1-2016,5C,TRUE,,All,1400000,1400000,TRUE,TRUE,,,,,TRUE,TRUE,75,,,,28,75,75,74,TRUE,"From 90.1-2016 Table 6.5.1-1, Table 6.5.1-2 and Table 6.5.1.1.3"
90.1-2016,5C,FALSE,,All,1400000,1400000,TRUE,TRUE,,,,,TRUE,TRUE,75,,,,28,75,75,74,TRUE,"From 90.1-2016 Table 6.5.1-1, Table 6.5.1-2 and Table 6.5.1.1.3"
90.1-2016,6A,TRUE,,All,1400000,1400000,TRUE,TRUE,,,,,TRUE,TRUE,70,,,,28,75,75,56,TRUE,"From 90.1-2016 Table 6.5.1-1, Table 6.5.1-2 and Table 6.5.1.1.3"
90.1-2016,6A,FALSE,,All,1400000,1400000,TRUE,TRUE,,,,,TRUE,TRUE,70,,,,28,75,75,56,TRUE,"From 90.1-2016 Table 6.5.1-1, Table 6.5.1-2 and Table 6.5.1.1.3"
90.1-2016,6B,TRUE,,All,1400000,1400000,TRUE,TRUE,,,,,TRUE,TRUE,75,,,,28,75,75,65,TRUE,"From 90.1-2016 Table 6.5.1-1, Table 6.5.1-2 and Table 6.5.1.1.3"
90.1-2016,6B,FALSE,,All,1400000,1400000,TRUE,TRUE,,,,,TRUE,TRUE,75,,,,28,75,75,65,TRUE,"From 90.1-2016 Table 6.5.1-1, Table 6.5.1-2 and Table 6.5.1.1.3"
90.1-2016,7,TRUE,,All,1400000,1400000,TRUE,TRUE,,,,,TRUE,TRUE,75,,,,28,75,75,72,TRUE,"From 90.1-2016 Table 6.5.1-1, Table 6.5.1-2 and Table 6.5.1.1.3"
90.1-2016,7,FALSE,,All,1400000,1400000,TRUE,TRUE,,,,,TRUE,TRUE,75,,,,28,75,75,72,TRUE,"From 90.1-2016 Table 6.5.1-1, Table 6.5.1-2 and Table 6.5.1.1.3"
90.1-2016,7A,TRUE,,All,1400000,1400000,TRUE,TRUE,,,,,TRUE,TRUE,75,,,,28,75,75,72,TRUE,"From 90.1-2016 Table 6.5.1-1, Table 6.5.1-2 and Table 6.5.1.1.3"
90.1-2016,7A,FALSE,,All,1400000,1400000,TRUE,TRUE,,,,,TRUE,TRUE,75,,,,28,75,75,72,TRUE,"From 90.1-2016 Table 6.5.1-1, Table 6.5.1-2 and Table 6.5.1.1.3"
90.1-2016,7B,TRUE,,All,1400000,1400000,TRUE,TRUE,,,,,TRUE,TRUE,75,,,,28,75,75,72,TRUE,"From 90.1-2016 Table 6.5.1-1, Table 6.5.1-2 and Table 6.5.1.1.3"
90.1-2016,7B,FALSE,,All,1400000,1400000,TRUE,TRUE,,,,,TRUE,TRUE,75,,,,28,75,75,72,TRUE,"From 90.1-2016 Table 6.5.1-1, Table 6.5.1-2 and Table 6.5.1.1.3"
90.1-2016,8,TRUE,,All,1400000,1400000,TRUE,TRUE,,,,,TRUE,TRUE,75,,,,28,75,75,77,TRUE,"From 90.1-2016 Table 6.5.1-1, Table 6.5.1-2 and Table 6.5.1.1.3"
90.1-2016,8,FALSE,,All,1400000,1400000,TRUE,TRUE,,,,,TRUE,TRUE,75,,,,28,75,75,77,TRUE,"From 90.1-2016 Table 6.5.1-1, Table 6.5.1-2 and Table 6.5.1.1.3"
90.1-2016,0A,FALSE,,All,1000000,1000000,TRUE,FALSE,,,,,TRUE,TRUE,65,,,,28,75,75,,TRUE,"From 90.1-2016 Table 6.5.1-1, Table 6.5.1-2 and Table 6.5.1.1.3"
90.1-2016,0B,FALSE,,All,1000000,1000000,TRUE,TRUE,,,,,TRUE,TRUE,75,,,,28,75,75,,TRUE,"From 90.1-2016 Table 6.5.1-1, Table 6.5.1-2 and Table 6.5.1.1.3"
90.1-2016,0A,TRUE,,All,1000000,1000000,TRUE,FALSE,,,,,TRUE,TRUE,65,,,,28,75,75,,TRUE,"From 90.1-2016 Table 6.5.1-1, Table 6.5.1-2 and Table 6.5.1.1.3"
90.1-2016,0B,TRUE,,All,1000000,1000000,TRUE,TRUE,,,,,TRUE,TRUE,75,,,,28,75,75,,TRUE,"From 90.1-2016 Table 6.5.1-1, Table 6.5.1-2 and Table 6.5.1.1.3"
90.1-2019,1A,TRUE,,All,0,0,TRUE,TRUE,,,,,TRUE,TRUE,65,,,,28,75,75,,TRUE,"From 90.1-2019 Table 6.5.1-1, Table 6.5.1-2 and Table 6.5.1.1.3"
90.1-2019,1A,FALSE,,All,0,0,TRUE,TRUE,,,,,TRUE,TRUE,65,,,,28,75,75,,TRUE,"From 90.1-2019 Table 6.5.1-1, Table 6.5.1-2 and Table 6.5.1.1.3"
90.1-2019,1B,TRUE,,All,1000000,1000000,TRUE,TRUE,,,,,TRUE,TRUE,75,,,,28,75,75,,TRUE,"From 90.1-2019 Table 6.5.1-1, Table 6.5.1-2 and Table 6.5.1.1.3"
90.1-2019,1B,FALSE,,All,1000000,1000000,TRUE,TRUE,,,,,TRUE,TRUE,75,,,,28,75,75,,TRUE,"From 90.1-2019 Table 6.5.1-1, Table 6.5.1-2 and Table 6.5.1.1.3"
90.1-2019,2A,TRUE,,All,1000000,1000000,TRUE,TRUE,,,,,TRUE,TRUE,65,,,,28,75,75,17,TRUE,"From 90.1-2019 Table 6.5.1-1, Table 6.5.1-2 and Table 6.5.1.1.3"
90.1-2019,2A,FALSE,,All,1000000,1000000,TRUE,TRUE,,,,,TRUE,TRUE,65,,,,28,75,75,17,TRUE,"From 90.1-2019 Table 6.5.1-1, Table 6.5.1-2 and Table 6.5.1.1.3"
90.1-2019,2B,TRUE,,All,1000000,1000000,TRUE,TRUE,,,,,TRUE,TRUE,75,,,,28,75,75,21,TRUE,"From 90.1-2019 Table 6.5.1-1, Table 6.5.1-2 and Table 6.5.1.1.3"
90.1-2019,2B,FALSE,,All,1000000,1000000,TRUE,TRUE,,,,,TRUE,TRUE,75,,,,28,75,75,21,TRUE,"From 90.1-2019 Table 6.5.1-1, Table 6.5.1-2 and Table 6.5.1.1.3"
90.1-2019,3A,TRUE,,All,1000000,1000000,TRUE,TRUE,,,,,TRUE,TRUE,65,,,,28,75,75,27,TRUE,"From 90.1-2019 Table 6.5.1-1, Table 6.5.1-2 and Table 6.5.1.1.3"
90.1-2019,3A,FALSE,,All,1000000,1000000,TRUE,TRUE,,,,,TRUE,TRUE,65,,,,28,75,75,27,TRUE,"From 90.1-2019 Table 6.5.1-1, Table 6.5.1-2 and Table 6.5.1.1.3"
90.1-2019,3B,TRUE,,All,1000000,1000000,TRUE,TRUE,,,,,TRUE,TRUE,75,,,,28,75,75,32,TRUE,"From 90.1-2019 Table 6.5.1-1, Table 6.5.1-2 and Table 6.5.1.1.3"
90.1-2019,3B,FALSE,,All,1000000,1000000,TRUE,TRUE,,,,,TRUE,TRUE,75,,,,28,75,75,32,TRUE,"From 90.1-2019 Table 6.5.1-1, Table 6.5.1-2 and Table 6.5.1.1.3"
90.1-2019,3C,TRUE,,All,1000000,1000000,TRUE,TRUE,,,,,TRUE,TRUE,75,,,,28,75,75,65,TRUE,"From 90.1-2019 Table 6.5.1-1, Table 6.5.1-2 and Table 6.5.1.1.3"
90.1-2019,3C,FALSE,,All,1000000,1000000,TRUE,TRUE,,,,,TRUE,TRUE,75,,,,28,75,75,65,TRUE,"From 90.1-2019 Table 6.5.1-1, Table 6.5.1-2 and Table 6.5.1.1.3"
90.1-2019,4A,TRUE,,All,1000000,1000000,TRUE,TRUE,,,,,TRUE,TRUE,65,,,,28,75,75,42,TRUE,"From 90.1-2019 Table 6.5.1-1, Table 6.5.1-2 and Table 6.5.1.1.3"
90.1-2019,4A,FALSE,,All,1000000,1000000,TRUE,TRUE,,,,,TRUE,TRUE,65,,,,28,75,75,42,TRUE,"From 90.1-2019 Table 6.5.1-1, Table 6.5.1-2 and Table 6.5.1.1.3"
90.1-2019,4B,TRUE,,All,1000000,1000000,TRUE,TRUE,,,,,TRUE,TRUE,75,,,,28,75,75,49,TRUE,"From 90.1-2019 Table 6.5.1-1, Table 6.5.1-2 and Table 6.5.1.1.3"
90.1-2019,4B,FALSE,,All,1000000,1000000,TRUE,TRUE,,,,,TRUE,TRUE,75,,,,28,75,75,49,TRUE,"From 90.1-2019 Table 6.5.1-1, Table 6.5.1-2 and Table 6.5.1.1.3"
90.1-2019,4C,TRUE,,All,1000000,1000000,TRUE,TRUE,,,,,TRUE,TRUE,75,,,,28,75,75,64,TRUE,"From 90.1-2019 Table 6.5.1-1, Table 6.5.1-2 and Table 6.5.1.1.3"
90.1-2019,4C,FALSE,,All,1000000,1000000,TRUE,TRUE,,,,,TRUE,TRUE,75,,,,28,75,75,64,TRUE,"From 90.1-2019 Table 6.5.1-1, Table 6.5.1-2 and Table 6.5.1.1.3"
90.1-2019,5A,TRUE,,All,1400000,1400000,TRUE,TRUE,,,,,TRUE,TRUE,70,,,,28,75,75,49,TRUE,"From 90.1-2019 Table 6.5.1-1, Table 6.5.1-2 and Table 6.5.1.1.3"
90.1-2019,5A,FALSE,,All,1400000,1400000,TRUE,TRUE,,,,,TRUE,TRUE,70,,,,28,75,75,49,TRUE,"From 90.1-2019 Table 6.5.1-1, Table 6.5.1-2 and Table 6.5.1.1.3"
90.1-2019,5B,TRUE,,All,1400000,1400000,TRUE,TRUE,,,,,TRUE,TRUE,75,,,,28,75,75,59,TRUE,"From 90.1-2019 Table 6.5.1-1, Table 6.5.1-2 and Table 6.5.1.1.3"
90.1-2019,5B,FALSE,,All,1400000,1400000,TRUE,TRUE,,,,,TRUE,TRUE,75,,,,28,75,75,59,TRUE,"From 90.1-2019 Table 6.5.1-1, Table 6.5.1-2 and Table 6.5.1.1.3"
90.1-2019,5C,TRUE,,All,1400000,1400000,TRUE,TRUE,,,,,TRUE,TRUE,75,,,,28,75,75,74,TRUE,"From 90.1-2019 Table 6.5.1-1, Table 6.5.1-2 and Table 6.5.1.1.3"
90.1-2019,5C,FALSE,,All,1400000,1400000,TRUE,TRUE,,,,,TRUE,TRUE,75,,,,28,75,75,74,TRUE,"From 90.1-2019 Table 6.5.1-1, Table 6.5.1-2 and Table 6.5.1.1.3"
90.1-2019,6A,TRUE,,All,1400000,1400000,TRUE,TRUE,,,,,TRUE,TRUE,70,,,,28,75,75,56,TRUE,"From 90.1-2019 Table 6.5.1-1, Table 6.5.1-2 and Table 6.5.1.1.3"
90.1-2019,6A,FALSE,,All,1400000,1400000,TRUE,TRUE,,,,,TRUE,TRUE,70,,,,28,75,75,56,TRUE,"From 90.1-2019 Table 6.5.1-1, Table 6.5.1-2 and Table 6.5.1.1.3"
90.1-2019,6B,TRUE,,All,1400000,1400000,TRUE,TRUE,,,,,TRUE,TRUE,75,,,,28,75,75,65,TRUE,"From 90.1-2019 Table 6.5.1-1, Table 6.5.1-2 and Table 6.5.1.1.3"
90.1-2019,6B,FALSE,,All,1400000,1400000,TRUE,TRUE,,,,,TRUE,TRUE,75,,,,28,75,75,65,TRUE,"From 90.1-2019 Table 6.5.1-1, Table 6.5.1-2 and Table 6.5.1.1.3"
90.1-2019,7,TRUE,,All,1400000,1400000,TRUE,TRUE,,,,,TRUE,TRUE,75,,,,28,75,75,72,TRUE,"From 90.1-2019 Table 6.5.1-1, Table 6.5.1-2 and Table 6.5.1.1.3"
90.1-2019,7,FALSE,,All,1400000,1400000,TRUE,TRUE,,,,,TRUE,TRUE,75,,,,28,75,75,72,TRUE,"From 90.1-2019 Table 6.5.1-1, Table 6.5.1-2 and Table 6.5.1.1.3"
90.1-2019,7A,TRUE,,All,1400000,1400000,TRUE,TRUE,,,,,TRUE,TRUE,75,,,,28,75,75,72,TRUE,"From 90.1-2019 Table 6.5.1-1, Table 6.5.1-2 and Table 6.5.1.1.3"
90.1-2019,7A,FALSE,,All,1400000,1400000,TRUE,TRUE,,,,,TRUE,TRUE,75,,,,28,75,75,72,TRUE,"From 90.1-2019 Table 6.5.1-1, Table 6.5.1-2 and Table 6.5.1.1.3"
90.1-2019,7B,TRUE,,All,1400000,1400000,TRUE,TRUE,,,,,TRUE,TRUE,75,,,,28,75,75,72,TRUE,"From 90.1-2019 Table 6.5.1-1, Table 6.5.1-2 and Table 6.5.1.1.3"
90.1-2019,7B,FALSE,,All,1400000,1400000,TRUE,TRUE,,,,,TRUE,TRUE,75,,,,28,75,75,72,TRUE,"From 90.1-2019 Table 6.5.1-1, Table 6.5.1-2 and Table 6.5.1.1.3"
90.1-2019,8,TRUE,,All,1400000,1400000,TRUE,TRUE,,,,,TRUE,TRUE,75,,,,28,75,75,77,TRUE,"From 90.1-2019 Table 6.5.1-1, Table 6.5.1-2 and Table 6.5.1.1.3"
90.1-2019,8,FALSE,,All,1400000,1400000,TRUE,TRUE,,,,,TRUE,TRUE,75,,,,28,75,75,77,TRUE,"From 90.1-2019 Table 6.5.1-1, Table 6.5.1-2 and Table 6.5.1.1.3"
90.1-2019,0A,FALSE,,All,1000000,1000000,TRUE,TRUE,,,,,TRUE,TRUE,65,,,,28,75,75,,TRUE,"From 90.1-2019 Table 6.5.1-1, Table 6.5.1-2 and Table 6.5.1.1.3"
90.1-2019,0B,FALSE,,All,1000000,1000000,TRUE,TRUE,,,,,TRUE,TRUE,75,,,,28,75,75,,TRUE,"From 90.1-2019 Table 6.5.1-1, Table 6.5.1-2 and Table 6.5.1.1.3"
90.1-2019,0A,TRUE,,All,1000000,1000000,TRUE,TRUE,,,,,TRUE,TRUE,65,,,,28,75,75,,TRUE,"From 90.1-2019 Table 6.5.1-1, Table 6.5.1-2 and Table 6.5.1.1.3"
90.1-2019,0B,TRUE,,All,1000000,1000000,TRUE,TRUE,,,,,TRUE,TRUE,75,,,,28,75,75,,TRUE,"From 90.1-2019 Table 6.5.1-1, Table 6.5.1-2 and Table 6.5.1.1.3"
90.1-2022,1A,TRUE,,All,0,,TRUE,TRUE,,,,,TRUE,TRUE,65,,,,28,75,75,,TRUE,"From 90.1-2022 Table 6.5.1-1, Table 6.5.1-2 and Table 6.5.1.1.3"
90.1-2022,1A,FALSE,,All,0,,TRUE,TRUE,,,,,TRUE,TRUE,65,,,,28,75,75,,TRUE,"From 90.1-2022 Table 6.5.1-1, Table 6.5.1-2 and Table 6.5.1.1.3"
90.1-2022,1B,TRUE,,All,1000000,1000000,TRUE,TRUE,,,,,TRUE,TRUE,75,,,,28,75,75,,TRUE,"From 90.1-2022 Table 6.5.1-1, Table 6.5.1-2 and Table 6.5.1.1.3"
90.1-2022,1B,FALSE,,All,1000000,1000000,TRUE,TRUE,,,,,TRUE,TRUE,75,,,,28,75,75,,TRUE,"From 90.1-2022 Table 6.5.1-1, Table 6.5.1-2 and Table 6.5.1.1.3"
90.1-2022,2A,TRUE,,All other fan-cooling-unit locations,1000000,1000000,TRUE,TRUE,,,,,TRUE,TRUE,65,,,,28,75,75,17,TRUE,"From 90.1-2022 Table 6.5.1-1, Table 6.5.1-2 and Table 6.5.1.1.3"
90.1-2022,2A,FALSE,,All other fan-cooling-unit locations,1000000,1000000,TRUE,TRUE,,,,,TRUE,TRUE,65,,,,28,75,75,17,TRUE,"From 90.1-2022 Table 6.5.1-1, Table 6.5.1-2 and Table 6.5.1.1.3"
90.1-2022,2B,TRUE,,All other fan-cooling-unit locations,1000000,1000000,TRUE,TRUE,,,,,TRUE,TRUE,75,,,,28,75,75,21,TRUE,"From 90.1-2022 Table 6.5.1-1, Table 6.5.1-2 and Table 6.5.1.1.3"
90.1-2022,2B,FALSE,,All other fan-cooling-unit locations,1000000,1000000,TRUE,TRUE,,,,,TRUE,TRUE,75,,,,28,75,75,21,TRUE,"From 90.1-2022 Table 6.5.1-1, Table 6.5.1-2 and Table 6.5.1.1.3"
90.1-2022,3A,TRUE,,All other fan-cooling-unit locations,1000000,1000000,TRUE,TRUE,,,,,TRUE,TRUE,65,,,,28,75,75,27,TRUE,"From 90.1-2022 Table 6.5.1-1, Table 6.5.1-2 and Table 6.5.1.1.3"
90.1-2022,3A,FALSE,,All other fan-cooling-unit locations,1000000,1000000,TRUE,TRUE,,,,,TRUE,TRUE,65,,,,28,75,75,27,TRUE,"From 90.1-2022 Table 6.5.1-1, Table 6.5.1-2 and Table 6.5.1.1.3"
90.1-2022,3B,TRUE,,All other fan-cooling-unit locations,1000000,1000000,TRUE,TRUE,,,,,TRUE,TRUE,75,,,,28,75,75,32,TRUE,"From 90.1-2022 Table 6.5.1-1, Table 6.5.1-2 and Table 6.5.1.1.3"
90.1-2022,3B,FALSE,,All other fan-cooling-unit locations,1000000,1000000,TRUE,TRUE,,,,,TRUE,TRUE,75,,,,28,75,75,32,TRUE,"From 90.1-2022 Table 6.5.1-1, Table 6.5.1-2 and Table 6.5.1.1.3"
90.1-2022,3C,TRUE,,All other fan-cooling-unit locations,1000000,1000000,TRUE,TRUE,,,,,TRUE,TRUE,75,,,,28,75,75,65,TRUE,"From 90.1-2022 Table 6.5.1-1, Table 6.5.1-2 and Table 6.5.1.1.3"
90.1-2022,3C,FALSE,,All other fan-cooling-unit locations,1000000,1000000,TRUE,TRUE,,,,,TRUE,TRUE,75,,,,28,75,75,65,TRUE,"From 90.1-2022 Table 6.5.1-1, Table 6.5.1-2 and Table 6.5.1.1.3"
90.1-2022,4A,TRUE,,All other fan-cooling-unit locations,1000000,1000000,TRUE,TRUE,,,,,TRUE,TRUE,65,,,,28,75,75,42,TRUE,"From 90.1-2022 Table 6.5.1-1, Table 6.5.1-2 and Table 6.5.1.1.3"
90.1-2022,4A,FALSE,,All other fan-cooling-unit locations,1000000,1000000,TRUE,TRUE,,,,,TRUE,TRUE,65,,,,28,75,75,42,TRUE,"From 90.1-2022 Table 6.5.1-1, Table 6.5.1-2 and Table 6.5.1.1.3"
90.1-2022,4B,TRUE,,All other fan-cooling-unit locations,1000000,1000000,TRUE,TRUE,,,,,TRUE,TRUE,75,,,,28,75,75,49,TRUE,"From 90.1-2022 Table 6.5.1-1, Table 6.5.1-2 and Table 6.5.1.1.3"
90.1-2022,4B,FALSE,,All other fan-cooling-unit locations,1000000,1000000,TRUE,TRUE,,,,,TRUE,TRUE,75,,,,28,75,75,49,TRUE,"From 90.1-2022 Table 6.5.1-1, Table 6.5.1-2 and Table 6.5.1.1.3"
90.1-2022,4C,TRUE,,All other fan-cooling-unit locations,1000000,1000000,TRUE,TRUE,,,,,TRUE,TRUE,75,,,,28,75,75,64,TRUE,"From 90.1-2022 Table 6.5.1-1, Table 6.5.1-2 and Table 6.5.1.1.3"
90.1-2022,4C,FALSE,,All other fan-cooling-unit locations,1000000,1000000,TRUE,TRUE,,,,,TRUE,TRUE,75,,,,28,75,75,64,TRUE,"From 90.1-2022 Table 6.5.1-1, Table 6.5.1-2 and Table 6.5.1.1.3"
90.1-2022,5A,TRUE,,All other fan-cooling-unit locations,1400000,1400000,TRUE,TRUE,,,,,TRUE,TRUE,70,,,,28,75,75,49,TRUE,"From 90.1-2022 Table 6.5.1-1, Table 6.5.1-2 and Table 6.5.1.1.3"
90.1-2022,5A,FALSE,,All other fan-cooling-unit locations,1400000,1400000,TRUE,TRUE,,,,,TRUE,TRUE,70,,,,28,75,75,49,TRUE,"From 90.1-2022 Table 6.5.1-1, Table 6.5.1-2 and Table 6.5.1.1.3"
90.1-2022,5B,TRUE,,All other fan-cooling-unit locations,1400000,1400000,TRUE,TRUE,,,,,TRUE,TRUE,75,,,,28,75,75,59,TRUE,"From 90.1-2022 Table 6.5.1-1, Table 6.5.1-2 and Table 6.5.1.1.3"
90.1-2022,5B,FALSE,,All other fan-cooling-unit locations,1400000,1400000,TRUE,TRUE,,,,,TRUE,TRUE,75,,,,28,75,75,59,TRUE,"From 90.1-2022 Table 6.5.1-1, Table 6.5.1-2 and Table 6.5.1.1.3"
90.1-2022,5C,TRUE,,All other fan-cooling-unit locations,1400000,1400000,TRUE,TRUE,,,,,TRUE,TRUE,75,,,,28,75,75,74,TRUE,"From 90.1-2022 Table 6.5.1-1, Table 6.5.1-2 and Table 6.5.1.1.3"
90.1-2022,5C,FALSE,,All other fan-cooling-unit locations,1400000,1400000,TRUE,TRUE,,,,,TRUE,TRUE,75,,,,28,75,75,74,TRUE,"From 90.1-2022 Table 6.5.1-1, Table 6.5.1-2 and Table 6.5.1.1.3"
90.1-2022,6A,TRUE,,All other fan-cooling-unit locations,1400000,1400000,TRUE,TRUE,,,,,TRUE,TRUE,70,,,,28,75,75,56,TRUE,"From 90.1-2022 Table 6.5.1-1, Table 6.5.1-2 and Table 6.5.1.1.3"
90.1-2022,6A,FALSE,,All other fan-cooling-unit locations,1400000,1400000,TRUE,TRUE,,,,,TRUE,TRUE,70,,,,28,75,75,56,TRUE,"From 90.1-2022 Table 6.5.1-1, Table 6.5.1-2 and Table 6.5.1.1.3"
90.1-2022,6B,TRUE,,All other fan-cooling-unit locations,1400000,1400000,TRUE,TRUE,,,,,TRUE,TRUE,75,,,,28,75,75,65,TRUE,"From 90.1-2022 Table 6.5.1-1, Table 6.5.1-2 and Table 6.5.1.1.3"
90.1-2022,6B,FALSE,,All other fan-cooling-unit locations,1400000,1400000,TRUE,TRUE,,,,,TRUE,TRUE,75,,,,28,75,75,65,TRUE,"From 90.1-2022 Table 6.5.1-1, Table 6.5.1-2 and Table 6.5.1.1.3"
90.1-2022,7,TRUE,,All other fan-cooling-unit locations,1400000,1400000,TRUE,TRUE,,,,,TRUE,TRUE,75,,,,28,75,75,72,TRUE,"From 90.1-2022 Table 6.5.1-1, Table 6.5.1-2 and Table 6.5.1.1.3"
90.1-2022,7,FALSE,,All other fan-cooling-unit locations,1400000,1400000,TRUE,TRUE,,,,,TRUE,TRUE,75,,,,28,75,75,72,TRUE,"From 90.1-2022 Table 6.5.1-1, Table 6.5.1-2 and Table 6.5.1.1.3"
90.1-2022,7A,TRUE,,All other fan-cooling-unit locations,1400000,1400000,TRUE,TRUE,,,,,TRUE,TRUE,75,,,,28,75,75,72,TRUE,"From 90.1-2022 Table 6.5.1-1, Table 6.5.1-2 and Table 6.5.1.1.3"
90.1-2022,7A,FALSE,,All other fan-cooling-unit locations,1400000,1400000,TRUE,TRUE,,,,,TRUE,TRUE,75,,,,28,75,75,72,TRUE,"From 90.1-2022 Table 6.5.1-1, Table 6.5.1-2 and Table 6.5.1.1.3"
90.1-2022,7B,TRUE,,All other fan-cooling-unit locations,1400000,1400000,TRUE,TRUE,,,,,TRUE,TRUE,75,,,,28,75,75,72,TRUE,"From 90.1-2022 Table 6.5.1-1, Table 6.5.1-2 and Table 6.5.1.1.3"
90.1-2022,7B,FALSE,,All other fan-cooling-unit locations,1400000,1400000,TRUE,TRUE,,,,,TRUE,TRUE,75,,,,28,75,75,72,TRUE,"From 90.1-2022 Table 6.5.1-1, Table 6.5.1-2 and Table 6.5.1.1.3"
90.1-2022,8,TRUE,,All other fan-cooling-unit locations,1400000,1400000,TRUE,TRUE,,,,,TRUE,TRUE,75,,,,28,75,75,77,TRUE,"From 90.1-2022 Table 6.5.1-1, Table 6.5.1-2 and Table 6.5.1.1.3"
90.1-2022,8,FALSE,,All other fan-cooling-unit locations,1400000,1400000,TRUE,TRUE,,,,,TRUE,TRUE,75,,,,28,75,75,77,TRUE,"From 90.1-2022 Table 6.5.1-1, Table 6.5.1-2 and Table 6.5.1.1.3"
90.1-2022,2A,TRUE,,Fan-cooling units located outside the building,1000000,1000000,TRUE,TRUE,,,,,TRUE,TRUE,65,,,,28,75,75,17,TRUE,"From 90.1-2022 Table 6.5.1-1, Table 6.5.1-2 and Table 6.5.1.1.3"
90.1-2022,2A,FALSE,,Fan-cooling units located outside the building,1000000,1000000,TRUE,TRUE,,,,,TRUE,TRUE,65,,,,28,75,75,17,TRUE,"From 90.1-2022 Table 6.5.1-1, Table 6.5.1-2 and Table 6.5.1.1.3"
90.1-2022,2B,TRUE,,Fan-cooling units located outside the building,1000000,1000000,TRUE,TRUE,,,,,TRUE,TRUE,75,,,,28,75,75,21,TRUE,"From 90.1-2022 Table 6.5.1-1, Table 6.5.1-2 and Table 6.5.1.1.3"
90.1-2022,2B,FALSE,,Fan-cooling units located outside the building,1000000,1000000,TRUE,TRUE,,,,,TRUE,TRUE,75,,,,28,75,75,21,TRUE,"From 90.1-2022 Table 6.5.1-1, Table 6.5.1-2 and Table 6.5.1.1.3"
90.1-2022,3A,TRUE,,Fan-cooling units located outside the building,1000000,1000000,TRUE,TRUE,,,,,TRUE,TRUE,65,,,,28,75,75,27,TRUE,"From 90.1-2022 Table 6.5.1-1, Table 6.5.1-2 and Table 6.5.1.1.3"
90.1-2022,3A,FALSE,,Fan-cooling units located outside the building,1000000,1000000,TRUE,TRUE,,,,,TRUE,TRUE,65,,,,28,75,75,27,TRUE,"From 90.1-2022 Table 6.5.1-1, Table 6.5.1-2 and Table 6.5.1.1.3"
90.1-2022,3B,TRUE,,Fan-cooling units located outside the building,1000000,1000000,TRUE,TRUE,,,,,TRUE,TRUE,75,,,,28,75,75,32,TRUE,"From 90.1-2022 Table 6.5.1-1, Table 6.5.1-2 and Table 6.5.1.1.3"
90.1-2022,3B,FALSE,,Fan-cooling units located outside the building,1000000,1000000,TRUE,TRUE,,,,,TRUE,TRUE,75,,,,28,75,75,32,TRUE,"From 90.1-2022 Table 6.5.1-1, Table 6.5.1-2 and Table 6.5.1.1.3"
90.1-2022,3C,TRUE,,Fan-cooling units located outside the building,1000000,1000000,TRUE,TRUE,,,,,TRUE,TRUE,75,,,,28,75,75,65,TRUE,"From 90.1-2022 Table 6.5.1-1, Table 6.5.1-2 and Table 6.5.1.1.3"
90.1-2022,3C,FALSE,,Fan-cooling units located outside the building,1000000,1000000,TRUE,TRUE,,,,,TRUE,TRUE,75,,,,28,75,75,65,TRUE,"From 90.1-2022 Table 6.5.1-1, Table 6.5.1-2 and Table 6.5.1.1.3"
90.1-2022,4A,TRUE,,Fan-cooling units located outside the building,1000000,1000000,TRUE,TRUE,,,,,TRUE,TRUE,65,,,,28,75,75,42,TRUE,"From 90.1-2022 Table 6.5.1-1, Table 6.5.1-2 and Table 6.5.1.1.3"
90.1-2022,4A,FALSE,,Fan-cooling units located outside the building,1000000,1000000,TRUE,TRUE,,,,,TRUE,TRUE,65,,,,28,75,75,42,TRUE,"From 90.1-2022 Table 6.5.1-1, Table 6.5.1-2 and Table 6.5.1.1.3"
90.1-2022,4B,TRUE,,Fan-cooling units located outside the building,1000000,1000000,TRUE,TRUE,,,,,TRUE,TRUE,75,,,,28,75,75,49,TRUE,"From 90.1-2022 Table 6.5.1-1, Table 6.5.1-2 and Table 6.5.1.1.3"
90.1-2022,4B,FALSE,,Fan-cooling units located outside the building,1000000,1000000,TRUE,TRUE,,,,,TRUE,TRUE,75,,,,28,75,75,49,TRUE,"From 90.1-2022 Table 6.5.1-1, Table 6.5.1-2 and Table 6.5.1.1.3"
90.1-2022,4C,TRUE,,Fan-cooling units located outside the building,1000000,1000000,TRUE,TRUE,,,,,TRUE,TRUE,75,,,,28,75,75,64,TRUE,"From 90.1-2022 Table 6.5.1-1, Table 6.5.1-2 and Table 6.5.1.1.3"
90.1-2022,4C,FALSE,,Fan-cooling units located outside the building,1000000,1000000,TRUE,TRUE,,,,,TRUE,TRUE,75,,,,28,75,75,64,TRUE,"From 90.1-2022 Table 6.5.1-1, Table 6.5.1-2 and Table 6.5.1.1.3"
90.1-2022,5A,TRUE,,Fan-cooling units located outside the building,1400000,1400000,TRUE,TRUE,,,,,TRUE,TRUE,70,,,,28,75,75,49,TRUE,"From 90.1-2022 Table 6.5.1-1, Table 6.5.1-2 and Table 6.5.1.1.3"
90.1-2022,5A,FALSE,,Fan-cooling units located outside the building,1400000,1400000,TRUE,TRUE,,,,,TRUE,TRUE,70,,,,28,75,75,49,TRUE,"From 90.1-2022 Table 6.5.1-1, Table 6.5.1-2 and Table 6.5.1.1.3"
90.1-2022,5B,TRUE,,Fan-cooling units located outside the building,1400000,1400000,TRUE,TRUE,,,,,TRUE,TRUE,75,,,,28,75,75,59,TRUE,"From 90.1-2022 Table 6.5.1-1, Table 6.5.1-2 and Table 6.5.1.1.3"
90.1-2022,5B,FALSE,,Fan-cooling units located outside the building,1400000,1400000,TRUE,TRUE,,,,,TRUE,TRUE,75,,,,28,75,75,59,TRUE,"From 90.1-2022 Table 6.5.1-1, Table 6.5.1-2 and Table 6.5.1.1.3"
90.1-2022,5C,TRUE,,Fan-cooling units located outside the building,1400000,1400000,TRUE,TRUE,,,,,TRUE,TRUE,75,,,,28,75,75,74,TRUE,"From 90.1-2022 Table 6.5.1-1, Table 6.5.1-2 and Table 6.5.1.1.3"
90.1-2022,5C,FALSE,,Fan-cooling units located outside the building,1400000,1400000,TRUE,TRUE,,,,,TRUE,TRUE,75,,,,28,75,75,74,TRUE,"From 90.1-2022 Table 6.5.1-1, Table 6.5.1-2 and Table 6.5.1.1.3"
90.1-2022,6A,TRUE,,Fan-cooling units located outside the building,1400000,1400000,TRUE,TRUE,,,,,TRUE,TRUE,70,,,,28,75,75,56,TRUE,"From 90.1-2022 Table 6.5.1-1, Table 6.5.1-2 and Table 6.5.1.1.3"
90.1-2022,6A,FALSE,,Fan-cooling units located outside the building,1400000,1400000,TRUE,TRUE,,,,,TRUE,TRUE,70,,,,28,75,75,56,TRUE,"From 90.1-2022 Table 6.5.1-1, Table 6.5.1-2 and Table 6.5.1.1.3"
90.1-2022,6B,TRUE,,Fan-cooling units located outside the building,1400000,1400000,TRUE,TRUE,,,,,TRUE,TRUE,75,,,,28,75,75,65,TRUE,"From 90.1-2022 Table 6.5.1-1, Table 6.5.1-2 and Table 6.5.1.1.3"
90.1-2022,6B,FALSE,,Fan-cooling units located outside the building,1400000,1400000,TRUE,TRUE,,,,,TRUE,TRUE,75,,,,28,75,75,65,TRUE,"From 90.1-2022 Table 6.5.1-1, Table 6.5.1-2 and Table 6.5.1.1.3"
90.1-2022,7,TRUE,,Fan-cooling units located outside the building,1400000,1400000,TRUE,TRUE,,,,,TRUE,TRUE,75,,,,28,75,75,72,TRUE,"From 90.1-2022 Table 6.5.1-1, Table 6.5.1-2 and Table 6.5.1.1.3"
90.1-2022,7,FALSE,,Fan-cooling units located outside the building,1400000,1400000,TRUE,TRUE,,,,,TRUE,TRUE,75,,,,28,75,75,72,TRUE,"From 90.1-2022 Table 6.5.1-1, Table 6.5.1-2 and Table 6.5.1.1.3"
90.1-2022,7A,TRUE,,Fan-cooling units located outside the building,1400000,1400000,TRUE,TRUE,,,,,TRUE,TRUE,75,,,,28,75,75,72,TRUE,"From 90.1-2022 Table 6.5.1-1, Table 6.5.1-2 and Table 6.5.1.1.3"
90.1-2022,7A,FALSE,,Fan-cooling units located outside the building,1400000,1400000,TRUE,TRUE,,,,,TRUE,TRUE,75,,,,28,75,75,72,TRUE,"From 90.1-2022 Table 6.5.1-1, Table 6.5.1-2 and Table 6.5.1.1.3"
90.1-2022,7B,TRUE,,Fan-cooling units located outside the building,1400000,1400000,TRUE,TRUE,,,,,TRUE,TRUE,75,,,,28,75,75,72,TRUE,"From 90.1-2022 Table 6.5.1-1, Table 6.5.1-2 and Table 6.5.1.1.3"
90.1-2022,7B,FALSE,,Fan-cooling units located outside the building,1400000,1400000,TRUE,TRUE,,,,,TRUE,TRUE,75,,,,28,75,75,72,TRUE,"From 90.1-2022 Table 6.5.1-1, Table 6.5.1-2 and Table 6.5.1.1.3"
90.1-2022,8,TRUE,,Fan-cooling units located outside the building,1400000,1400000,TRUE,TRUE,,,,,TRUE,TRUE,75,,,,28,75,75,77,TRUE,"From 90.1-2022 Table 6.5.1-1, Table 6.5.1-2 and Table 6.5.1.1.3"
90.1-2022,8,FALSE,,Fan-cooling units located outside the building,1400000,1400000,TRUE,TRUE,,,,,TRUE,TRUE,75,,,,28,75,75,77,TRUE,"From 90.1-2022 Table 6.5.1-1, Table 6.5.1-2 and Table 6.5.1.1.3"
90.1-2022,0A,FALSE,,All,1000000,1000000,TRUE,TRUE,,,,,TRUE,TRUE,65,,,,28,75,75,,TRUE,"From 90.1-2022 Table 6.5.1-1, Table 6.5.1-2 and Table 6.5.1.1.3"
90.1-2022,0B,FALSE,,All,1000000,1000000,TRUE,TRUE,,,,,TRUE,TRUE,75,,,,28,75,75,,TRUE,"From 90.1-2022 Table 6.5.1-1, Table 6.5.1-2 and Table 6.5.1.1.3"
90.1-2022,0A,TRUE,,All,1000000,1000000,TRUE,TRUE,,,,,TRUE,TRUE,65,,,,28,75,75,,TRUE,"From 90.1-2022 Table 6.5.1-1, Table 6.5.1-2 and Table 6.5.1.1.3"
90.1-2022,0B,TRUE,,All,1000000,1000000,TRUE,TRUE,,,,,TRUE,TRUE,75,,,,28,75,75,,TRUE,"From 90.1-2022 Table 6.5.1-1, Table 6.5.1-2 and Table 6.5.1.1.3"
